[{"pk": 184, "model": "auth.permission", "fields": {"codename": "add_account", "name": "Can add account", "content_type": 62}}, {"pk": 187, "model": "auth.permission", "fields": {"codename": "add_otherserviceinfo", "name": "Can add other service info", "content_type": 63}}, {"pk": 190, "model": "auth.permission", "fields": {"codename": "add_passwordreset", "name": "Can add password reset", "content_type": 64}}, {"pk": 185, "model": "auth.permission", "fields": {"codename": "change_account", "name": "Can change account", "content_type": 62}}, {"pk": 188, "model": "auth.permission", "fields": {"codename": "change_otherserviceinfo", "name": "Can change other service info", "content_type": 63}}, {"pk": 191, "model": "auth.permission", "fields": {"codename": "change_passwordreset", "name": "Can change password reset", "content_type": 64}}, {"pk": 186, "model": "auth.permission", "fields": {"codename": "delete_account", "name": "Can delete account", "content_type": 62}}, {"pk": 189, "model": "auth.permission", "fields": {"codename": "delete_otherserviceinfo", "name": "Can delete other service info", "content_type": 63}}, {"pk": 192, "model": "auth.permission", "fields": {"codename": "delete_passwordreset", "name": "Can delete password reset", "content_type": 64}}, {"pk": 223, "model": "auth.permission", "fields": {"codename": "add_logentry", "name": "Can add log entry", "content_type": 75}}, {"pk": 224, "model": "auth.permission", "fields": {"codename": "change_logentry", "name": "Can change log entry", "content_type": 75}}, {"pk": 225, "model": "auth.permission", "fields": {"codename": "delete_logentry", "name": "Can delete log entry", "content_type": 75}}, {"pk": 73, "model": "auth.permission", "fields": {"codename": "add_announcement", "name": "Can add announcement", "content_type": 25}}, {"pk": 74, "model": "auth.permission", "fields": {"codename": "change_announcement", "name": "Can change announcement", "content_type": 25}}, {"pk": 75, "model": "auth.permission", "fields": {"codename": "delete_announcement", "name": "Can delete announcement", "content_type": 25}}, {"pk": 112, "model": "auth.permission", "fields": {"codename": "add_plugin", "name": "Can add plugin", "content_type": 38}}, {"pk": 109, "model": "auth.permission", "fields": {"codename": "add_pluginpoint", "name": "Can add plugin point", "content_type": 37}}, {"pk": 115, "model": "auth.permission", "fields": {"codename": "add_userpluginpreference", "name": "Can add user plugin preference", "content_type": 39}}, {"pk": 113, "model": "auth.permission", "fields": {"codename": "change_plugin", "name": "Can change plugin", "content_type": 38}}, {"pk": 110, "model": "auth.permission", "fields": {"codename": "change_pluginpoint", "name": "Can change plugin point", "content_type": 37}}, {"pk": 116, "model": "auth.permission", "fields": {"codename": "change_userpluginpreference", "name": "Can change user plugin preference", "content_type": 39}}, {"pk": 114, "model": "auth.permission", "fields": {"codename": "delete_plugin", "name": "Can delete plugin", "content_type": 38}}, {"pk": 111, "model": "auth.permission", "fields": {"codename": "delete_pluginpoint", "name": "Can delete plugin point", "content_type": 37}}, {"pk": 117, "model": "auth.permission", "fields": {"codename": "delete_userpluginpreference", "name": "Can delete user plugin preference", "content_type": 39}}, {"pk": 4, "model": "auth.permission", "fields": {"codename": "add_group", "name": "Can add group", "content_type": 2}}, {"pk": 10, "model": "auth.permission", "fields": {"codename": "add_message", "name": "Can add message", "content_type": 4}}, {"pk": 1, "model": "auth.permission", "fields": {"codename": "add_permission", "name": "Can add permission", "content_type": 1}}, {"pk": 7, "model": "auth.permission", "fields": {"codename": "add_user", "name": "Can add user", "content_type": 3}}, {"pk": 5, "model": "auth.permission", "fields": {"codename": "change_group", "name": "Can change group", "content_type": 2}}, {"pk": 11, "model": "auth.permission", "fields": {"codename": "change_message", "name": "Can change message", "content_type": 4}}, {"pk": 2, "model": "auth.permission", "fields": {"codename": "change_permission", "name": "Can change permission", "content_type": 1}}, {"pk": 8, "model": "auth.permission", "fields": {"codename": "change_user", "name": "Can change user", "content_type": 3}}, {"pk": 6, "model": "auth.permission", "fields": {"codename": "delete_group", "name": "Can delete group", "content_type": 2}}, {"pk": 12, "model": "auth.permission", "fields": {"codename": "delete_message", "name": "Can delete message", "content_type": 4}}, {"pk": 3, "model": "auth.permission", "fields": {"codename": "delete_permission", "name": "Can delete permission", "content_type": 1}}, {"pk": 9, "model": "auth.permission", "fields": {"codename": "delete_user", "name": "Can delete user", "content_type": 3}}, {"pk": 154, "model": "auth.permission", "fields": {"codename": "add_avatar", "name": "Can add avatar", "content_type": 52}}, {"pk": 155, "model": "auth.permission", "fields": {"codename": "change_avatar", "name": "Can change avatar", "content_type": 52}}, {"pk": 156, "model": "auth.permission", "fields": {"codename": "delete_avatar", "name": "Can delete avatar", "content_type": 52}}, {"pk": 133, "model": "auth.permission", "fields": {"codename": "add_post", "name": "Can add post", "content_type": 45}}, {"pk": 134, "model": "auth.permission", "fields": {"codename": "change_post", "name": "Can change post", "content_type": 45}}, {"pk": 135, "model": "auth.permission", "fields": {"codename": "delete_post", "name": "Can delete post", "content_type": 45}}, {"pk": 127, "model": "auth.permission", "fields": {"codename": "add_bookmark", "name": "Can add bookmark", "content_type": 43}}, {"pk": 130, "model": "auth.permission", "fields": {"codename": "add_bookmarkinstance", "name": "Can add bookmark instance", "content_type": 44}}, {"pk": 128, "model": "auth.permission", "fields": {"codename": "change_bookmark", "name": "Can change bookmark", "content_type": 43}}, {"pk": 131, "model": "auth.permission", "fields": {"codename": "change_bookmarkinstance", "name": "Can change bookmark instance", "content_type": 44}}, {"pk": 129, "model": "auth.permission", "fields": {"codename": "delete_bookmark", "name": "Can delete bookmark", "content_type": 43}}, {"pk": 132, "model": "auth.permission", "fields": {"codename": "delete_bookmarkinstance", "name": "Can delete bookmark instance", "content_type": 44}}, {"pk": 226, "model": "auth.permission", "fields": {"codename": "add_captchastore", "name": "Can add captcha store", "content_type": 76}}, {"pk": 227, "model": "auth.permission", "fields": {"codename": "change_captchastore", "name": "Can change captcha store", "content_type": 76}}, {"pk": 228, "model": "auth.permission", "fields": {"codename": "delete_captchastore", "name": "Can delete captcha store", "content_type": 76}}, {"pk": 13, "model": "auth.permission", "fields": {"codename": "add_contenttype", "name": "Can add content type", "content_type": 5}}, {"pk": 14, "model": "auth.permission", "fields": {"codename": "change_contenttype", "name": "Can change content type", "content_type": 5}}, {"pk": 15, "model": "auth.permission", "fields": {"codename": "delete_contenttype", "name": "Can delete content type", "content_type": 5}}, {"pk": 49, "model": "auth.permission", "fields": {"codename": "add_template", "name": "Can add template", "content_type": 17}}, {"pk": 50, "model": "auth.permission", "fields": {"codename": "change_template", "name": "Can change template", "content_type": 17}}, {"pk": 51, "model": "auth.permission", "fields": {"codename": "delete_template", "name": "Can delete template", "content_type": 17}}, {"pk": 229, "model": "auth.permission", "fields": {"codename": "add_documentstaging", "name": "Can add document staging", "content_type": 77}}, {"pk": 230, "model": "auth.permission", "fields": {"codename": "change_documentstaging", "name": "Can change document staging", "content_type": 77}}, {"pk": 231, "model": "auth.permission", "fields": {"codename": "delete_documentstaging", "name": "Can delete document staging", "content_type": 77}}, {"pk": 85, "model": "auth.permission", "fields": {"codename": "add_error", "name": "Can add error", "content_type": 29}}, {"pk": 82, "model": "auth.permission", "fields": {"codename": "add_errorbatch", "name": "Can add error batch", "content_type": 28}}, {"pk": 86, "model": "auth.permission", "fields": {"codename": "change_error", "name": "Can change error", "content_type": 29}}, {"pk": 83, "model": "auth.permission", "fields": {"codename": "change_errorbatch", "name": "Can change error batch", "content_type": 28}}, {"pk": 87, "model": "auth.permission", "fields": {"codename": "delete_error", "name": "Can delete error", "content_type": 29}}, {"pk": 84, "model": "auth.permission", "fields": {"codename": "delete_errorbatch", "name": "Can delete error batch", "content_type": 28}}, {"pk": 256, "model": "auth.permission", "fields": {"codename": "add_instantmessenger", "name": "Can add instant messenger", "content_type": 86}}, {"pk": 262, "model": "auth.permission", "fields": {"codename": "add_instantmessengerprofile", "name": "Can add instant messenger profile", "content_type": 88}}, {"pk": 253, "model": "auth.permission", "fields": {"codename": "add_socialnetwork", "name": "Can add social network", "content_type": 85}}, {"pk": 259, "model": "auth.permission", "fields": {"codename": "add_socialnetworkprofile", "name": "Can add social network profile", "content_type": 87}}, {"pk": 265, "model": "auth.permission", "fields": {"codename": "add_websiteprofile", "name": "Can add website profile", "content_type": 89}}, {"pk": 257, "model": "auth.permission", "fields": {"codename": "change_instantmessenger", "name": "Can change instant messenger", "content_type": 86}}, {"pk": 263, "model": "auth.permission", "fields": {"codename": "change_instantmessengerprofile", "name": "Can change instant messenger profile", "content_type": 88}}, {"pk": 254, "model": "auth.permission", "fields": {"codename": "change_socialnetwork", "name": "Can change social network", "content_type": 85}}, {"pk": 260, "model": "auth.permission", "fields": {"codename": "change_socialnetworkprofile", "name": "Can change social network profile", "content_type": 87}}, {"pk": 266, "model": "auth.permission", "fields": {"codename": "change_websiteprofile", "name": "Can change website profile", "content_type": 89}}, {"pk": 258, "model": "auth.permission", "fields": {"codename": "delete_instantmessenger", "name": "Can delete instant messenger", "content_type": 86}}, {"pk": 264, "model": "auth.permission", "fields": {"codename": "delete_instantmessengerprofile", "name": "Can delete instant messenger profile", "content_type": 88}}, {"pk": 255, "model": "auth.permission", "fields": {"codename": "delete_socialnetwork", "name": "Can delete social network", "content_type": 85}}, {"pk": 261, "model": "auth.permission", "fields": {"codename": "delete_socialnetworkprofile", "name": "Can delete social network profile", "content_type": 87}}, {"pk": 267, "model": "auth.permission", "fields": {"codename": "delete_websiteprofile", "name": "Can delete website profile", "content_type": 89}}, {"pk": 37, "model": "auth.permission", "fields": {"codename": "add_emailaddress", "name": "Can add e-mail address", "content_type": 13}}, {"pk": 40, "model": "auth.permission", "fields": {"codename": "add_emailconfirmation", "name": "Can add e-mail confirmation", "content_type": 14}}, {"pk": 38, "model": "auth.permission", "fields": {"codename": "change_emailaddress", "name": "Can change e-mail address", "content_type": 13}}, {"pk": 41, "model": "auth.permission", "fields": {"codename": "change_emailconfirmation", "name": "Can change e-mail confirmation", "content_type": 14}}, {"pk": 39, "model": "auth.permission", "fields": {"codename": "delete_emailaddress", "name": "Can delete e-mail address", "content_type": 13}}, {"pk": 42, "model": "auth.permission", "fields": {"codename": "delete_emailconfirmation", "name": "Can delete e-mail confirmation", "content_type": 14}}, {"pk": 157, "model": "auth.permission", "fields": {"codename": "add_flaggedcontent", "name": "Can add flagged content", "content_type": 53}}, {"pk": 160, "model": "auth.permission", "fields": {"codename": "add_flaginstance", "name": "Can add flag instance", "content_type": 54}}, {"pk": 158, "model": "auth.permission", "fields": {"codename": "change_flaggedcontent", "name": "Can change flagged content", "content_type": 53}}, {"pk": 161, "model": "auth.permission", "fields": {"codename": "change_flaginstance", "name": "Can change flag instance", "content_type": 54}}, {"pk": 159, "model": "auth.permission", "fields": {"codename": "delete_flaggedcontent", "name": "Can delete flagged content", "content_type": 53}}, {"pk": 162, "model": "auth.permission", "fields": {"codename": "delete_flaginstance", "name": "Can delete flag instance", "content_type": 54}}, {"pk": 52, "model": "auth.permission", "fields": {"codename": "add_contact", "name": "Can add contact", "content_type": 18}}, {"pk": 55, "model": "auth.permission", "fields": {"codename": "add_friendship", "name": "Can add friendship", "content_type": 19}}, {"pk": 61, "model": "auth.permission", "fields": {"codename": "add_friendshipinvitation", "name": "Can add friendship invitation", "content_type": 21}}, {"pk": 58, "model": "auth.permission", "fields": {"codename": "add_joininvitation", "name": "Can add join invitation", "content_type": 20}}, {"pk": 53, "model": "auth.permission", "fields": {"codename": "change_contact", "name": "Can change contact", "content_type": 18}}, {"pk": 56, "model": "auth.permission", "fields": {"codename": "change_friendship", "name": "Can change friendship", "content_type": 19}}, {"pk": 62, "model": "auth.permission", "fields": {"codename": "change_friendshipinvitation", "name": "Can change friendship invitation", "content_type": 21}}, {"pk": 59, "model": "auth.permission", "fields": {"codename": "change_joininvitation", "name": "Can change join invitation", "content_type": 20}}, {"pk": 54, "model": "auth.permission", "fields": {"codename": "delete_contact", "name": "Can delete contact", "content_type": 18}}, {"pk": 57, "model": "auth.permission", "fields": {"codename": "delete_friendship", "name": "Can delete friendship", "content_type": 19}}, {"pk": 63, "model": "auth.permission", "fields": {"codename": "delete_friendshipinvitation", "name": "Can delete friendship invitation", "content_type": 21}}, {"pk": 60, "model": "auth.permission", "fields": {"codename": "delete_joininvitation", "name": "Can delete join invitation", "content_type": 20}}, {"pk": 172, "model": "auth.permission", "fields": {"codename": "add_location", "name": "Can add location", "content_type": 58}}, {"pk": 173, "model": "auth.permission", "fields": {"codename": "change_location", "name": "Can change location", "content_type": 58}}, {"pk": 174, "model": "auth.permission", "fields": {"codename": "delete_location", "name": "Can delete location", "content_type": 58}}, {"pk": 67, "model": "auth.permission", "fields": {"codename": "add_dontsendentry", "name": "Can add don't send entry", "content_type": 23}}, {"pk": 64, "model": "auth.permission", "fields": {"codename": "add_message", "name": "Can add message", "content_type": 22}}, {"pk": 70, "model": "auth.permission", "fields": {"codename": "add_messagelog", "name": "Can add message log", "content_type": 24}}, {"pk": 68, "model": "auth.permission", "fields": {"codename": "change_dontsendentry", "name": "Can change don't send entry", "content_type": 23}}, {"pk": 65, "model": "auth.permission", "fields": {"codename": "change_message", "name": "Can change message", "content_type": 22}}, {"pk": 71, "model": "auth.permission", "fields": {"codename": "change_messagelog", "name": "Can change message log", "content_type": 24}}, {"pk": 69, "model": "auth.permission", "fields": {"codename": "delete_dontsendentry", "name": "Can delete don't send entry", "content_type": 23}}, {"pk": 66, "model": "auth.permission", "fields": {"codename": "delete_message", "name": "Can delete message", "content_type": 22}}, {"pk": 72, "model": "auth.permission", "fields": {"codename": "delete_messagelog", "name": "Can delete message log", "content_type": 24}}, {"pk": 268, "model": "auth.permission", "fields": {"codename": "add_message", "name": "Can add Message", "content_type": 90}}, {"pk": 269, "model": "auth.permission", "fields": {"codename": "change_message", "name": "Can change Message", "content_type": 90}}, {"pk": 270, "model": "auth.permission", "fields": {"codename": "delete_message", "name": "Can delete Message", "content_type": 90}}, {"pk": 169, "model": "auth.permission", "fields": {"codename": "add_following", "name": "Can add following", "content_type": 57}}, {"pk": 163, "model": "auth.permission", "fields": {"codename": "add_tweet", "name": "Can add tweet", "content_type": 55}}, {"pk": 166, "model": "auth.permission", "fields": {"codename": "add_tweetinstance", "name": "Can add tweet instance", "content_type": 56}}, {"pk": 170, "model": "auth.permission", "fields": {"codename": "change_following", "name": "Can change following", "content_type": 57}}, {"pk": 164, "model": "auth.permission", "fields": {"codename": "change_tweet", "name": "Can change tweet", "content_type": 55}}, {"pk": 167, "model": "auth.permission", "fields": {"codename": "change_tweetinstance", "name": "Can change tweet instance", "content_type": 56}}, {"pk": 171, "model": "auth.permission", "fields": {"codename": "delete_following", "name": "Can delete following", "content_type": 57}}, {"pk": 165, "model": "auth.permission", "fields": {"codename": "delete_tweet", "name": "Can delete tweet", "content_type": 55}}, {"pk": 168, "model": "auth.permission", "fields": {"codename": "delete_tweetinstance", "name": "Can delete tweet instance", "content_type": 56}}, {"pk": 28, "model": "auth.permission", "fields": {"codename": "add_notice", "name": "Can add notice", "content_type": 10}}, {"pk": 31, "model": "auth.permission", "fields": {"codename": "add_noticequeuebatch", "name": "Can add notice queue batch", "content_type": 11}}, {"pk": 25, "model": "auth.permission", "fields": {"codename": "add_noticesetting", "name": "Can add notice setting", "content_type": 9}}, {"pk": 22, "model": "auth.permission", "fields": {"codename": "add_noticetype", "name": "Can add notice type", "content_type": 8}}, {"pk": 34, "model": "auth.permission", "fields": {"codename": "add_observeditem", "name": "Can add observed item", "content_type": 12}}, {"pk": 29, "model": "auth.permission", "fields": {"codename": "change_notice", "name": "Can change notice", "content_type": 10}}, {"pk": 32, "model": "auth.permission", "fields": {"codename": "change_noticequeuebatch", "name": "Can change notice queue batch", "content_type": 11}}, {"pk": 26, "model": "auth.permission", "fields": {"codename": "change_noticesetting", "name": "Can change notice setting", "content_type": 9}}, {"pk": 23, "model": "auth.permission", "fields": {"codename": "change_noticetype", "name": "Can change notice type", "content_type": 8}}, {"pk": 35, "model": "auth.permission", "fields": {"codename": "change_observeditem", "name": "Can change observed item", "content_type": 12}}, {"pk": 30, "model": "auth.permission", "fields": {"codename": "delete_notice", "name": "Can delete notice", "content_type": 10}}, {"pk": 33, "model": "auth.permission", "fields": {"codename": "delete_noticequeuebatch", "name": "Can delete notice queue batch", "content_type": 11}}, {"pk": 27, "model": "auth.permission", "fields": {"codename": "delete_noticesetting", "name": "Can delete notice setting", "content_type": 9}}, {"pk": 24, "model": "auth.permission", "fields": {"codename": "delete_noticetype", "name": "Can delete notice type", "content_type": 8}}, {"pk": 36, "model": "auth.permission", "fields": {"codename": "delete_observeditem", "name": "Can delete observed item", "content_type": 12}}, {"pk": 76, "model": "auth.permission", "fields": {"codename": "add_providerrule", "name": "Can add provider rule", "content_type": 26}}, {"pk": 79, "model": "auth.permission", "fields": {"codename": "add_storedoembed", "name": "Can add stored o embed", "content_type": 27}}, {"pk": 77, "model": "auth.permission", "fields": {"codename": "change_providerrule", "name": "Can change provider rule", "content_type": 26}}, {"pk": 80, "model": "auth.permission", "fields": {"codename": "change_storedoembed", "name": "Can change stored o embed", "content_type": 27}}, {"pk": 78, "model": "auth.permission", "fields": {"codename": "delete_providerrule", "name": "Can delete provider rule", "content_type": 26}}, {"pk": 81, "model": "auth.permission", "fields": {"codename": "delete_storedoembed", "name": "Can delete stored o embed", "content_type": 27}}, {"pk": 136, "model": "auth.permission", "fields": {"codename": "add_gallery", "name": "Can add gallery", "content_type": 46}}, {"pk": 139, "model": "auth.permission", "fields": {"codename": "add_galleryupload", "name": "Can add gallery upload", "content_type": 47}}, {"pk": 142, "model": "auth.permission", "fields": {"codename": "add_photo", "name": "Can add photo", "content_type": 48}}, {"pk": 145, "model": "auth.permission", "fields": {"codename": "add_photoeffect", "name": "Can add photo effect", "content_type": 49}}, {"pk": 151, "model": "auth.permission", "fields": {"codename": "add_photosize", "name": "Can add photo size", "content_type": 51}}, {"pk": 148, "model": "auth.permission", "fields": {"codename": "add_watermark", "name": "Can add watermark", "content_type": 50}}, {"pk": 137, "model": "auth.permission", "fields": {"codename": "change_gallery", "name": "Can change gallery", "content_type": 46}}, {"pk": 140, "model": "auth.permission", "fields": {"codename": "change_galleryupload", "name": "Can change gallery upload", "content_type": 47}}, {"pk": 143, "model": "auth.permission", "fields": {"codename": "change_photo", "name": "Can change photo", "content_type": 48}}, {"pk": 146, "model": "auth.permission", "fields": {"codename": "change_photoeffect", "name": "Can change photo effect", "content_type": 49}}, {"pk": 152, "model": "auth.permission", "fields": {"codename": "change_photosize", "name": "Can change photo size", "content_type": 51}}, {"pk": 149, "model": "auth.permission", "fields": {"codename": "change_watermark", "name": "Can change watermark", "content_type": 50}}, {"pk": 138, "model": "auth.permission", "fields": {"codename": "delete_gallery", "name": "Can delete gallery", "content_type": 46}}, {"pk": 141, "model": "auth.permission", "fields": {"codename": "delete_galleryupload", "name": "Can delete gallery upload", "content_type": 47}}, {"pk": 144, "model": "auth.permission", "fields": {"codename": "delete_photo", "name": "Can delete photo", "content_type": 48}}, {"pk": 147, "model": "auth.permission", "fields": {"codename": "delete_photoeffect", "name": "Can delete photo effect", "content_type": 49}}, {"pk": 153, "model": "auth.permission", "fields": {"codename": "delete_photosize", "name": "Can delete photo size", "content_type": 51}}, {"pk": 150, "model": "auth.permission", "fields": {"codename": "delete_watermark", "name": "Can delete watermark", "content_type": 50}}, {"pk": 217, "model": "auth.permission", "fields": {"codename": "add_image", "name": "Can add image", "content_type": 73}}, {"pk": 214, "model": "auth.permission", "fields": {"codename": "add_photoset", "name": "Can add photo set", "content_type": 72}}, {"pk": 220, "model": "auth.permission", "fields": {"codename": "add_pool", "name": "Can add pool", "content_type": 74}}, {"pk": 218, "model": "auth.permission", "fields": {"codename": "change_image", "name": "Can change image", "content_type": 73}}, {"pk": 215, "model": "auth.permission", "fields": {"codename": "change_photoset", "name": "Can change photo set", "content_type": 72}}, {"pk": 221, "model": "auth.permission", "fields": {"codename": "change_pool", "name": "Can change pool", "content_type": 74}}, {"pk": 219, "model": "auth.permission", "fields": {"codename": "delete_image", "name": "Can delete image", "content_type": 73}}, {"pk": 216, "model": "auth.permission", "fields": {"codename": "delete_photoset", "name": "Can delete photo set", "content_type": 72}}, {"pk": 222, "model": "auth.permission", "fields": {"codename": "delete_pool", "name": "Can delete pool", "content_type": 74}}, {"pk": 175, "model": "auth.permission", "fields": {"codename": "add_affiliation", "name": "Can add affiliation", "content_type": 59}}, {"pk": 178, "model": "auth.permission", "fields": {"codename": "add_occupation", "name": "Can add occupation", "content_type": 60}}, {"pk": 181, "model": "auth.permission", "fields": {"codename": "add_profile", "name": "Can add profile", "content_type": 61}}, {"pk": 176, "model": "auth.permission", "fields": {"codename": "change_affiliation", "name": "Can change affiliation", "content_type": 59}}, {"pk": 179, "model": "auth.permission", "fields": {"codename": "change_occupation", "name": "Can change occupation", "content_type": 60}}, {"pk": 182, "model": "auth.permission", "fields": {"codename": "change_profile", "name": "Can change profile", "content_type": 61}}, {"pk": 177, "model": "auth.permission", "fields": {"codename": "delete_affiliation", "name": "Can delete affiliation", "content_type": 59}}, {"pk": 180, "model": "auth.permission", "fields": {"codename": "delete_occupation", "name": "Can delete occupation", "content_type": 60}}, {"pk": 183, "model": "auth.permission", "fields": {"codename": "delete_profile", "name": "Can delete profile", "content_type": 61}}, {"pk": 202, "model": "auth.permission", "fields": {"codename": "add_project", "name": "Can add project", "content_type": 68}}, {"pk": 205, "model": "auth.permission", "fields": {"codename": "add_projectmember", "name": "Can add project member", "content_type": 69}}, {"pk": 211, "model": "auth.permission", "fields": {"codename": "add_task", "name": "Can add task", "content_type": 71}}, {"pk": 208, "model": "auth.permission", "fields": {"codename": "add_topic", "name": "Can add topic", "content_type": 70}}, {"pk": 203, "model": "auth.permission", "fields": {"codename": "change_project", "name": "Can change project", "content_type": 68}}, {"pk": 206, "model": "auth.permission", "fields": {"codename": "change_projectmember", "name": "Can change project member", "content_type": 69}}, {"pk": 212, "model": "auth.permission", "fields": {"codename": "change_task", "name": "Can change task", "content_type": 71}}, {"pk": 209, "model": "auth.permission", "fields": {"codename": "change_topic", "name": "Can change topic", "content_type": 70}}, {"pk": 204, "model": "auth.permission", "fields": {"codename": "delete_project", "name": "Can delete project", "content_type": 68}}, {"pk": 207, "model": "auth.permission", "fields": {"codename": "delete_projectmember", "name": "Can delete project member", "content_type": 69}}, {"pk": 213, "model": "auth.permission", "fields": {"codename": "delete_task", "name": "Can delete task", "content_type": 71}}, {"pk": 210, "model": "auth.permission", "fields": {"codename": "delete_topic", "name": "Can delete topic", "content_type": 70}}, {"pk": 46, "model": "auth.permission", "fields": {"codename": "add_rule", "name": "Can add rule", "content_type": 16}}, {"pk": 43, "model": "auth.permission", "fields": {"codename": "add_url", "name": "Can add url", "content_type": 15}}, {"pk": 47, "model": "auth.permission", "fields": {"codename": "change_rule", "name": "Can change rule", "content_type": 16}}, {"pk": 44, "model": "auth.permission", "fields": {"codename": "change_url", "name": "Can change url", "content_type": 15}}, {"pk": 48, "model": "auth.permission", "fields": {"codename": "delete_rule", "name": "Can delete rule", "content_type": 16}}, {"pk": 45, "model": "auth.permission", "fields": {"codename": "delete_url", "name": "Can delete url", "content_type": 15}}, {"pk": 235, "model": "auth.permission", "fields": {"codename": "add_calendar", "name": "Can add calendar", "content_type": 79}}, {"pk": 238, "model": "auth.permission", "fields": {"codename": "add_calendarrelation", "name": "Can add calendar relation", "content_type": 80}}, {"pk": 244, "model": "auth.permission", "fields": {"codename": "add_event", "name": "Can add event", "content_type": 82}}, {"pk": 247, "model": "auth.permission", "fields": {"codename": "add_eventrelation", "name": "Can add event relation", "content_type": 83}}, {"pk": 250, "model": "auth.permission", "fields": {"codename": "add_occurrence", "name": "Can add occurrence", "content_type": 84}}, {"pk": 241, "model": "auth.permission", "fields": {"codename": "add_rule", "name": "Can add rule", "content_type": 81}}, {"pk": 236, "model": "auth.permission", "fields": {"codename": "change_calendar", "name": "Can change calendar", "content_type": 79}}, {"pk": 239, "model": "auth.permission", "fields": {"codename": "change_calendarrelation", "name": "Can change calendar relation", "content_type": 80}}, {"pk": 245, "model": "auth.permission", "fields": {"codename": "change_event", "name": "Can change event", "content_type": 82}}, {"pk": 248, "model": "auth.permission", "fields": {"codename": "change_eventrelation", "name": "Can change event relation", "content_type": 83}}, {"pk": 251, "model": "auth.permission", "fields": {"codename": "change_occurrence", "name": "Can change occurrence", "content_type": 84}}, {"pk": 242, "model": "auth.permission", "fields": {"codename": "change_rule", "name": "Can change rule", "content_type": 81}}, {"pk": 237, "model": "auth.permission", "fields": {"codename": "delete_calendar", "name": "Can delete calendar", "content_type": 79}}, {"pk": 240, "model": "auth.permission", "fields": {"codename": "delete_calendarrelation", "name": "Can delete calendar relation", "content_type": 80}}, {"pk": 246, "model": "auth.permission", "fields": {"codename": "delete_event", "name": "Can delete event", "content_type": 82}}, {"pk": 249, "model": "auth.permission", "fields": {"codename": "delete_eventrelation", "name": "Can delete event relation", "content_type": 83}}, {"pk": 252, "model": "auth.permission", "fields": {"codename": "delete_occurrence", "name": "Can delete occurrence", "content_type": 84}}, {"pk": 243, "model": "auth.permission", "fields": {"codename": "delete_rule", "name": "Can delete rule", "content_type": 81}}, {"pk": 16, "model": "auth.permission", "fields": {"codename": "add_session", "name": "Can add session", "content_type": 6}}, {"pk": 17, "model": "auth.permission", "fields": {"codename": "change_session", "name": "Can change session", "content_type": 6}}, {"pk": 18, "model": "auth.permission", "fields": {"codename": "delete_session", "name": "Can delete session", "content_type": 6}}, {"pk": 19, "model": "auth.permission", "fields": {"codename": "add_site", "name": "Can add site", "content_type": 7}}, {"pk": 20, "model": "auth.permission", "fields": {"codename": "change_site", "name": "Can change site", "content_type": 7}}, {"pk": 21, "model": "auth.permission", "fields": {"codename": "delete_site", "name": "Can delete site", "content_type": 7}}, {"pk": 232, "model": "auth.permission", "fields": {"codename": "add_document", "name": "Can add document", "content_type": 78}}, {"pk": 233, "model": "auth.permission", "fields": {"codename": "change_document", "name": "Can change document", "content_type": 78}}, {"pk": 234, "model": "auth.permission", "fields": {"codename": "delete_document", "name": "Can delete document", "content_type": 78}}, {"pk": 103, "model": "auth.permission", "fields": {"codename": "add_offer", "name": "Can add offer", "content_type": 35}}, {"pk": 106, "model": "auth.permission", "fields": {"codename": "add_swap", "name": "Can add swap", "content_type": 36}}, {"pk": 104, "model": "auth.permission", "fields": {"codename": "change_offer", "name": "Can change offer", "content_type": 35}}, {"pk": 107, "model": "auth.permission", "fields": {"codename": "change_swap", "name": "Can change swap", "content_type": 36}}, {"pk": 105, "model": "auth.permission", "fields": {"codename": "delete_offer", "name": "Can delete offer", "content_type": 35}}, {"pk": 108, "model": "auth.permission", "fields": {"codename": "delete_swap", "name": "Can delete swap", "content_type": 36}}, {"pk": 121, "model": "auth.permission", "fields": {"codename": "add_tag", "name": "Can add tag", "content_type": 41}}, {"pk": 124, "model": "auth.permission", "fields": {"codename": "add_taggeditem", "name": "Can add tagged item", "content_type": 42}}, {"pk": 122, "model": "auth.permission", "fields": {"codename": "change_tag", "name": "Can change tag", "content_type": 41}}, {"pk": 125, "model": "auth.permission", "fields": {"codename": "change_taggeditem", "name": "Can change tagged item", "content_type": 42}}, {"pk": 123, "model": "auth.permission", "fields": {"codename": "delete_tag", "name": "Can delete tag", "content_type": 41}}, {"pk": 126, "model": "auth.permission", "fields": {"codename": "delete_taggeditem", "name": "Can delete tagged item", "content_type": 42}}, {"pk": 91, "model": "auth.permission", "fields": {"codename": "add_freethreadedcomment", "name": "Can add Free Threaded Comment", "content_type": 31}}, {"pk": 94, "model": "auth.permission", "fields": {"codename": "add_testmodel", "name": "Can add test model", "content_type": 32}}, {"pk": 88, "model": "auth.permission", "fields": {"codename": "add_threadedcomment", "name": "Can add Threaded Comment", "content_type": 30}}, {"pk": 92, "model": "auth.permission", "fields": {"codename": "change_freethreadedcomment", "name": "Can change Free Threaded Comment", "content_type": 31}}, {"pk": 95, "model": "auth.permission", "fields": {"codename": "change_testmodel", "name": "Can change test model", "content_type": 32}}, {"pk": 89, "model": "auth.permission", "fields": {"codename": "change_threadedcomment", "name": "Can change Threaded Comment", "content_type": 30}}, {"pk": 93, "model": "auth.permission", "fields": {"codename": "delete_freethreadedcomment", "name": "Can delete Free Threaded Comment", "content_type": 31}}, {"pk": 96, "model": "auth.permission", "fields": {"codename": "delete_testmodel", "name": "Can delete test model", "content_type": 32}}, {"pk": 90, "model": "auth.permission", "fields": {"codename": "delete_threadedcomment", "name": "Can delete Threaded Comment", "content_type": 30}}, {"pk": 199, "model": "auth.permission", "fields": {"codename": "add_topic", "name": "Can add topic", "content_type": 67}}, {"pk": 193, "model": "auth.permission", "fields": {"codename": "add_tribe", "name": "Can add tribe", "content_type": 65}}, {"pk": 196, "model": "auth.permission", "fields": {"codename": "add_tribemember", "name": "Can add tribe member", "content_type": 66}}, {"pk": 200, "model": "auth.permission", "fields": {"codename": "change_topic", "name": "Can change topic", "content_type": 67}}, {"pk": 194, "model": "auth.permission", "fields": {"codename": "change_tribe", "name": "Can change tribe", "content_type": 65}}, {"pk": 197, "model": "auth.permission", "fields": {"codename": "change_tribemember", "name": "Can change tribe member", "content_type": 66}}, {"pk": 201, "model": "auth.permission", "fields": {"codename": "delete_topic", "name": "Can delete topic", "content_type": 67}}, {"pk": 195, "model": "auth.permission", "fields": {"codename": "delete_tribe", "name": "Can delete tribe", "content_type": 65}}, {"pk": 198, "model": "auth.permission", "fields": {"codename": "delete_tribemember", "name": "Can delete tribe member", "content_type": 66}}, {"pk": 118, "model": "auth.permission", "fields": {"codename": "add_vote", "name": "Can add vote", "content_type": 40}}, {"pk": 119, "model": "auth.permission", "fields": {"codename": "change_vote", "name": "Can change vote", "content_type": 40}}, {"pk": 120, "model": "auth.permission", "fields": {"codename": "delete_vote", "name": "Can delete vote", "content_type": 40}}, {"pk": 97, "model": "auth.permission", "fields": {"codename": "add_article", "name": "Can add Article", "content_type": 33}}, {"pk": 100, "model": "auth.permission", "fields": {"codename": "add_changeset", "name": "Can add Change set", "content_type": 34}}, {"pk": 98, "model": "auth.permission", "fields": {"codename": "change_article", "name": "Can change Article", "content_type": 33}}, {"pk": 101, "model": "auth.permission", "fields": {"codename": "change_changeset", "name": "Can change Change set", "content_type": 34}}, {"pk": 99, "model": "auth.permission", "fields": {"codename": "delete_article", "name": "Can delete Article", "content_type": 33}}, {"pk": 102, "model": "auth.permission", "fields": {"codename": "delete_changeset", "name": "Can delete Change set", "content_type": 34}}, {"pk": 1, "model": "auth.user", "fields": {"username": "Admin", "first_name": "", "last_name": "", "is_active": true, "is_superuser": true, "is_staff": true, "last_login": "2009-07-24 12:24:18", "groups": [], "user_permissions": [], "password": "sha1$20f19$5a82f5d208e7770d04dacc6214a4e4d2c47cd149", "email": "bendtsenpowell@gmail.com", "date_joined": "2009-07-24 12:15:44"}}, {"pk": "e610867db391b22955721cb3b88f494a", "model": "sessions.session", "fields": {"expire_date": "2009-08-07 12:24:18", "session_data": "gAJ9cQEoVRJfYXV0aF91c2VyX2JhY2tlbmRxAlUuc2Vwb3cucHJvZmlsZXN0dWZmLkNhc2VJbnNl\nbnNpdGl2ZU1vZGVsQmFja2VuZHEDVQ1fYXV0aF91c2VyX2lkcQRLAXUuOTI5NzQ0NjFiOTFmMGY3\nMzU2NDQwNmJmYmYyMTBjNTk=\n"}}, {"pk": 1, "model": "sites.site", "fields": {"domain": "example.com", "name": "example.com"}}, {"pk": 1, "model": "notification.noticetype", "fields": {"default": 2, "description": "you have received an invitation", "display": "Invitation Received", "label": "friends_invite"}}, {"pk": 2, "model": "notification.noticetype", "fields": {"default": 1, "description": "you have sent an invitation", "display": "Invitation Sent", "label": "friends_invite_sent"}}, {"pk": 3, "model": "notification.noticetype", "fields": {"default": 2, "description": "an invitation you sent has been accepted", "display": "Acceptance Received", "label": "friends_accept"}}, {"pk": 4, "model": "notification.noticetype", "fields": {"default": 1, "description": "you have accepted an invitation you received", "display": "Acceptance Sent", "label": "friends_accept_sent"}}, {"pk": 5, "model": "notification.noticetype", "fields": {"default": 2, "description": "one of your friends has a new connection", "display": "Other Connection", "label": "friends_otherconnect"}}, {"pk": 6, "model": "notification.noticetype", "fields": {"default": 2, "description": "an invitation you sent to join this site has been accepted", "display": "Join Invitation Accepted", "label": "join_accept"}}, {"pk": 7, "model": "notification.noticetype", "fields": {"default": 2, "description": "you have received a message", "display": "Message Received", "label": "messages_received"}}, {"pk": 8, "model": "notification.noticetype", "fields": {"default": 1, "description": "you have sent a message", "display": "Message Sent", "label": "messages_sent"}}, {"pk": 9, "model": "notification.noticetype", "fields": {"default": 1, "description": "you have replied to a message", "display": "Message Replied", "label": "messages_replied"}}, {"pk": 10, "model": "notification.noticetype", "fields": {"default": 2, "description": "you have received a reply to a message", "display": "Reply Received", "label": "messages_reply_received"}}, {"pk": 11, "model": "notification.noticetype", "fields": {"default": 1, "description": "you have deleted a message", "display": "Message Deleted", "label": "messages_deleted"}}, {"pk": 12, "model": "notification.noticetype", "fields": {"default": 1, "description": "you have undelete a message", "display": "Message Recovered", "label": "messages_recovered"}}, {"pk": 13, "model": "notification.noticetype", "fields": {"default": 2, "description": "you have received an announcement", "display": "Announcement", "label": "announcement"}}, {"pk": 14, "model": "notification.noticetype", "fields": {"default": 2, "description": "your article has been edited", "display": "Article Edited", "label": "wiki_article_edited"}}, {"pk": 15, "model": "notification.noticetype", "fields": {"default": 2, "description": "your revision has been reverted", "display": "Article Revision Reverted", "label": "wiki_revision_reverted"}}, {"pk": 16, "model": "notification.noticetype", "fields": {"default": 2, "description": "an article you observe has changed", "display": "Observed Article Changed", "label": "wiki_observed_article_changed"}}, {"pk": 17, "model": "notification.noticetype", "fields": {"default": 2, "description": "someone has proposed a swap for one of your offers", "display": "New Swap Proposal", "label": "swaps_proposal"}}, {"pk": 18, "model": "notification.noticetype", "fields": {"default": 2, "description": "someone has accepted a swap that you proposed", "display": "Swap Acceptance", "label": "swaps_acceptance"}}, {"pk": 19, "model": "notification.noticetype", "fields": {"default": 2, "description": "someone has rejected a swap that you proposed", "display": "Swap Rejection", "label": "swaps_rejection"}}, {"pk": 20, "model": "notification.noticetype", "fields": {"default": 2, "description": "someone has canceled a proposed swap for one of your offers", "display": "Swap Cancellation", "label": "swaps_cancellation"}}, {"pk": 21, "model": "notification.noticetype", "fields": {"default": 2, "description": "someone has changed their proposing offer in a swap for one of your offers", "display": "Swap Proposing Offer Changed", "label": "swaps_proposing_offer_changed"}}, {"pk": 22, "model": "notification.noticetype", "fields": {"default": 2, "description": "someone has changed their responding offer in a swap that you proposed", "display": "Swap Responding Offer Changed", "label": "swaps_responding_offer_changed"}}, {"pk": 23, "model": "notification.noticetype", "fields": {"default": 2, "description": "someone has commented on a swap in which your offer is involved", "display": "Swap Comment", "label": "swaps_comment"}}, {"pk": 24, "model": "notification.noticetype", "fields": {"default": 2, "description": "your swap has lost a conflict to another swap", "display": "Swap Conflict", "label": "swaps_conflict"}}, {"pk": 25, "model": "notification.noticetype", "fields": {"default": 2, "description": "a friend of yours posted to their blog", "display": "Friend Posted to Blog", "label": "blog_friend_post"}}, {"pk": 26, "model": "notification.noticetype", "fields": {"default": 2, "description": "a comment was made on one of your blog posts", "display": "New Comment on Blog Post", "label": "blog_post_comment"}}, {"pk": 27, "model": "notification.noticetype", "fields": {"default": 2, "description": "someone has started following your tweets", "display": "New Tweet Follower", "label": "tweet_follow"}}, {"pk": 28, "model": "notification.noticetype", "fields": {"default": 2, "description": "someone sent a tweet reply to you", "display": "New Tweet Reply", "label": "tweet_reply_received"}}, {"pk": 29, "model": "notification.noticetype", "fields": {"default": 1, "description": "a friend of yours joined a tribe", "display": "Friend Joined Tribe", "label": "tribes_friend_joined"}}, {"pk": 30, "model": "notification.noticetype", "fields": {"default": 1, "description": "a tribe you are a member of has a new member", "display": "New Tribe Member", "label": "tribes_new_member"}}, {"pk": 31, "model": "notification.noticetype", "fields": {"default": 2, "description": "a tribe you created has a new member", "display": "New Member Of Tribe You Created", "label": "tribes_created_new_member"}}, {"pk": 32, "model": "notification.noticetype", "fields": {"default": 1, "description": "a new tribe has been created", "display": "New Tribe Created", "label": "tribes_new_tribe"}}, {"pk": 33, "model": "notification.noticetype", "fields": {"default": 1, "description": "a friend has created a new tribe", "display": "Friend Created Tribe", "label": "tribes_friend_tribe"}}, {"pk": 34, "model": "notification.noticetype", "fields": {"default": 2, "description": "a new topic has started in a tribe you're a member of", "display": "New Topic Started", "label": "tribes_new_topic"}}, {"pk": 35, "model": "notification.noticetype", "fields": {"default": 2, "description": "someone has responded on a topic you started", "display": "Response To Your Topic", "label": "tribes_topic_response"}}, {"pk": 36, "model": "notification.noticetype", "fields": {"default": 1, "description": "a project you are a member of has a new member", "display": "New Project Member", "label": "projects_new_member"}}, {"pk": 37, "model": "notification.noticetype", "fields": {"default": 2, "description": "you have been added to a project", "display": "Added to Project", "label": "projects_added_as_member"}}, {"pk": 38, "model": "notification.noticetype", "fields": {"default": 2, "description": "a project you are a member of has been deleted", "display": "Project Deleted", "label": "projects_deleted"}}, {"pk": 39, "model": "notification.noticetype", "fields": {"default": 2, "description": "a new topic has started in a project you're a member of", "display": "New Project Topic Started", "label": "projects_new_topic"}}, {"pk": 40, "model": "notification.noticetype", "fields": {"default": 2, "description": "someone has responded on a project topic you started", "display": "Response To Your Project Topic", "label": "projects_topic_response"}}, {"pk": 41, "model": "notification.noticetype", "fields": {"default": 2, "description": "a new task been created in a project you're a member of", "display": "New Project Task", "label": "projects_new_task"}}, {"pk": 42, "model": "notification.noticetype", "fields": {"default": 2, "description": "a new comment has been made on a task in a project you're a member of", "display": "Comment on Project Task", "label": "projects_task_comment"}}, {"pk": 43, "model": "notification.noticetype", "fields": {"default": 2, "description": "there has been a change in the state of a task in a project you're a member of", "display": "Change to Project Task", "label": "projects_task_change"}}, {"pk": 44, "model": "notification.noticetype", "fields": {"default": 2, "description": "a task has been (re)assigned in a project you're a member of", "display": "Change to Project Task", "label": "projects_task_assignment"}}, {"pk": 45, "model": "notification.noticetype", "fields": {"default": 2, "description": "there has been a status update to a task in a project you're a member of", "display": "Change to Project Task", "label": "projects_task_status"}}, {"pk": 1, "model": "notification.noticequeuebatch", "fields": {"pickled_data": "KGxwMQooSTEKUyd0cmliZXNfbmV3X3RyaWJlJwpwMgooZHAzClMndHJpYmUnCnA0CmN0cmliZXMu\nbW9kZWxzClRyaWJlCnA1Cih0UnA2CihkcDcKUydfY3JlYXRvcl9jYWNoZScKcDgKY2RqYW5nby5j\nb250cmliLmF1dGgubW9kZWxzClVzZXIKcDkKKHRScDEwCihkcDExClMndXNlcm5hbWUnCnAxMgpW\nQWRtaW4KcDEzCnNTJ2ZpcnN0X25hbWUnCnAxNApWCnNTJ2xhc3RfbmFtZScKcDE1ClYKc1MnaXNf\nYWN0aXZlJwpwMTYKSTAxCnNTJ2VtYWlsJwpwMTcKVmJlbmR0c2VucG93ZWxsQGdtYWlsLmNvbQpw\nMTgKc1MnaXNfc3VwZXJ1c2VyJwpwMTkKSTAxCnNTJ2lzX3N0YWZmJwpwMjAKSTAxCnNTJ2xhc3Rf\nbG9naW4nCnAyMQpjZGF0ZXRpbWUKZGF0ZXRpbWUKcDIyCihTJ1x4MDdceGQ5XHgwN1x4MThceDBj\nXHgxOFx4MTJceDA0XHhkMzgnCnRScDIzCnNTJ3Bhc3N3b3JkJwpwMjQKVnNoYTEkMjBmMTkkNWE4\nMmY1ZDIwOGU3NzcwZDA0ZGFjYzYyMTRhNGU0ZDJjNDdjZDE0OQpwMjUKc1MnaWQnCnAyNgpJMQpz\nUydkYXRlX2pvaW5lZCcKcDI3CmcyMgooUydceDA3XHhkOVx4MDdceDE4XHgwY1x4MGYsXHgwMkZc\neDFhJwp0UnAyOApzYnNTJ2Rlc2NyaXB0aW9uJwpwMjkKVkbmbGxlcyBncnVwcGUgZm9yIERhbm1h\ncmtzIEJpYmxpb3Rla3Nza29sZSBBYWxib3JnCnAzMApzUydjcmVhdGVkJwpwMzEKZzIyCihTJ1x4\nMDdceGQ5XHgwN1x4MThceDBjI1x4MTJceDAxXHhhN1x4YjcnCnRScDMyCnNTJ2RlbGV0ZWQnCnAz\nMwpJMDAKc1MnX3RhZ3NfY2FjaGUnCnAzNApWZGFubWFya3MgYmlibGlvdGVrc3Nrb2xlLCBhYWxi\nb3JnLCBm5mxsZXMgZ3J1cHBlCnAzNQpzUydwcml2YXRlJwpwMzYKSTAwCnNnMjYKSTIKc1MnY3Jl\nYXRvcl9pZCcKcDM3CkkxCnNTJ3NsdWcnCnAzOApWZGItYWEKcDM5CnNTJ25hbWUnCnA0MApWREIt\nQUEKcDQxCnNic0kwMQp0cDQyCmEu\n"}}, {"pk": 2, "model": "notification.noticequeuebatch", "fields": {"pickled_data": "KGxwMQooSTEKUyd0cmliZXNfbmV3X3RyaWJlJwpwMgooZHAzClMndHJpYmUnCnA0CmN0cmliZXMu\nbW9kZWxzClRyaWJlCnA1Cih0UnA2CihkcDcKUydfY3JlYXRvcl9jYWNoZScKcDgKY2RqYW5nby5j\nb250cmliLmF1dGgubW9kZWxzClVzZXIKcDkKKHRScDEwCihkcDExClMndXNlcm5hbWUnCnAxMgpW\nQWRtaW4KcDEzCnNTJ2ZpcnN0X25hbWUnCnAxNApWCnNTJ2xhc3RfbmFtZScKcDE1ClYKc1MnaXNf\nYWN0aXZlJwpwMTYKSTAxCnNTJ2VtYWlsJwpwMTcKVmJlbmR0c2VucG93ZWxsQGdtYWlsLmNvbQpw\nMTgKc1MnaXNfc3VwZXJ1c2VyJwpwMTkKSTAxCnNTJ2lzX3N0YWZmJwpwMjAKSTAxCnNTJ2xhc3Rf\nbG9naW4nCnAyMQpjZGF0ZXRpbWUKZGF0ZXRpbWUKcDIyCihTJ1x4MDdceGQ5XHgwN1x4MThceDBj\nXHgxOFx4MTJceDA0XHhkMzgnCnRScDIzCnNTJ3Bhc3N3b3JkJwpwMjQKVnNoYTEkMjBmMTkkNWE4\nMmY1ZDIwOGU3NzcwZDA0ZGFjYzYyMTRhNGU0ZDJjNDdjZDE0OQpwMjUKc1MnaWQnCnAyNgpJMQpz\nUydkYXRlX2pvaW5lZCcKcDI3CmcyMgooUydceDA3XHhkOVx4MDdceDE4XHgwY1x4MGYsXHgwMkZc\neDFhJwp0UnAyOApzYnNTJ2Rlc2NyaXB0aW9uJwpwMjkKVkbmbGxlcyBncnVwcGUgZm9yIFN5ZGRh\nbnNrIFVuaXZlcnNpdGV0CnAzMApzUydjcmVhdGVkJwpwMzEKZzIyCihTJ1x4MDdceGQ5XHgwN1x4\nMThceDBjJDJceDA1XHhlYlx4ZGMnCnRScDMyCnNTJ2RlbGV0ZWQnCnAzMwpJMDAKc1MnX3RhZ3Nf\nY2FjaGUnCnAzNApWc3lkZGFuc2sgdW5pdmVyc2l0ZXQsIHNkdQpwMzUKc1MncHJpdmF0ZScKcDM2\nCkkwMApzZzI2CkkzCnNTJ2NyZWF0b3JfaWQnCnAzNwpJMQpzUydzbHVnJwpwMzgKVnNkdQpwMzkK\nc1MnbmFtZScKcDQwClZTRFUKcDQxCnNic0kwMQp0cDQyCmEu\n"}}, {"pk": 3, "model": "notification.noticequeuebatch", "fields": {"pickled_data": "KGxwMQooSTEKUyd0cmliZXNfbmV3X3RyaWJlJwpwMgooZHAzClMndHJpYmUnCnA0CmN0cmliZXMu\nbW9kZWxzClRyaWJlCnA1Cih0UnA2CihkcDcKUydfY3JlYXRvcl9jYWNoZScKcDgKY2RqYW5nby5j\nb250cmliLmF1dGgubW9kZWxzClVzZXIKcDkKKHRScDEwCihkcDExClMndXNlcm5hbWUnCnAxMgpW\nQWRtaW4KcDEzCnNTJ2ZpcnN0X25hbWUnCnAxNApWCnNTJ2xhc3RfbmFtZScKcDE1ClYKc1MnaXNf\nYWN0aXZlJwpwMTYKSTAxCnNTJ2VtYWlsJwpwMTcKVmJlbmR0c2VucG93ZWxsQGdtYWlsLmNvbQpw\nMTgKc1MnaXNfc3VwZXJ1c2VyJwpwMTkKSTAxCnNTJ2lzX3N0YWZmJwpwMjAKSTAxCnNTJ2xhc3Rf\nbG9naW4nCnAyMQpjZGF0ZXRpbWUKZGF0ZXRpbWUKcDIyCihTJ1x4MDdceGQ5XHgwN1x4MThceDBj\nXHgxOFx4MTJceDA0XHhkMzgnCnRScDIzCnNTJ3Bhc3N3b3JkJwpwMjQKVnNoYTEkMjBmMTkkNWE4\nMmY1ZDIwOGU3NzcwZDA0ZGFjYzYyMTRhNGU0ZDJjNDdjZDE0OQpwMjUKc1MnaWQnCnAyNgpJMQpz\nUydkYXRlX2pvaW5lZCcKcDI3CmcyMgooUydceDA3XHhkOVx4MDdceDE4XHgwY1x4MGYsXHgwMkZc\neDFhJwp0UnAyOApzYnNTJ2Rlc2NyaXB0aW9uJwpwMjkKVkbmbGxlcyBncnVwcGUgZm9yIElULVVu\naXZlcnNpdGV0ZXQKcDMwCnNTJ2NyZWF0ZWQnCnAzMQpnMjIKKFMnXHgwN1x4ZDlceDA3XHgxOFx4\nMGMmXHgwM1x4MDZceGU4dicKdFJwMzIKc1MnZGVsZXRlZCcKcDMzCkkwMApzUydfdGFnc19jYWNo\nZScKcDM0ClZpdC11bml2ZXJzaXRldGV0LCBpdHUsIGv4YmVuaGF2bgpwMzUKc1MncHJpdmF0ZScK\ncDM2CkkwMApzZzI2Ckk0CnNTJ2NyZWF0b3JfaWQnCnAzNwpJMQpzUydzbHVnJwpwMzgKVml0LXUK\ncDM5CnNTJ25hbWUnCnA0MApWSVQtVQpwNDEKc2JzSTAxCnRwNDIKYS4=\n"}}, {"pk": 4, "model": "notification.noticequeuebatch", "fields": {"pickled_data": "KGxwMQooSTEKUyd0cmliZXNfbmV3X3RyaWJlJwpwMgooZHAzClMndHJpYmUnCnA0CmN0cmliZXMu\nbW9kZWxzClRyaWJlCnA1Cih0UnA2CihkcDcKUydfY3JlYXRvcl9jYWNoZScKcDgKY2RqYW5nby5j\nb250cmliLmF1dGgubW9kZWxzClVzZXIKcDkKKHRScDEwCihkcDExClMndXNlcm5hbWUnCnAxMgpW\nQWRtaW4KcDEzCnNTJ2ZpcnN0X25hbWUnCnAxNApWCnNTJ2xhc3RfbmFtZScKcDE1ClYKc1MnaXNf\nYWN0aXZlJwpwMTYKSTAxCnNTJ2VtYWlsJwpwMTcKVmJlbmR0c2VucG93ZWxsQGdtYWlsLmNvbQpw\nMTgKc1MnaXNfc3VwZXJ1c2VyJwpwMTkKSTAxCnNTJ2lzX3N0YWZmJwpwMjAKSTAxCnNTJ2xhc3Rf\nbG9naW4nCnAyMQpjZGF0ZXRpbWUKZGF0ZXRpbWUKcDIyCihTJ1x4MDdceGQ5XHgwN1x4MThceDBj\nXHgxOFx4MTJceDA0XHhkMzgnCnRScDIzCnNTJ3Bhc3N3b3JkJwpwMjQKVnNoYTEkMjBmMTkkNWE4\nMmY1ZDIwOGU3NzcwZDA0ZGFjYzYyMTRhNGU0ZDJjNDdjZDE0OQpwMjUKc1MnaWQnCnAyNgpJMQpz\nUydkYXRlX2pvaW5lZCcKcDI3CmcyMgooUydceDA3XHhkOVx4MDdceDE4XHgwY1x4MGYsXHgwMkZc\neDFhJwp0UnAyOApzYnNTJ2Rlc2NyaXB0aW9uJwpwMjkKVkJGcyBncnVwcGUgCnAzMApzUydjcmVh\ndGVkJwpwMzEKZzIyCihTJ1x4MDdceGQ5XHgwN1x4MThceDBjKFx4MTlceDAzX1x4Y2UnCnRScDMy\nCnNTJ2RlbGV0ZWQnCnAzMwpJMDAKc1MnX3RhZ3NfY2FjaGUnCnAzNApWYmYsIGZhZ2ZvcmVuaW5n\nCnAzNQpzUydwcml2YXRlJwpwMzYKSTAwCnNnMjYKSTUKc1MnY3JlYXRvcl9pZCcKcDM3CkkxCnNT\nJ3NsdWcnCnAzOApWYmYKcDM5CnNTJ25hbWUnCnA0MApWQkYKcDQxCnNic0kwMQp0cDQyCmEu\n"}}, {"pk": 5, "model": "notification.noticequeuebatch", "fields": {"pickled_data": "KGxwMQooSTEKUyd0cmliZXNfbmV3X3RyaWJlJwpwMgooZHAzClMndHJpYmUnCnA0CmN0cmliZXMu\nbW9kZWxzClRyaWJlCnA1Cih0UnA2CihkcDcKUydfY3JlYXRvcl9jYWNoZScKcDgKY2RqYW5nby5j\nb250cmliLmF1dGgubW9kZWxzClVzZXIKcDkKKHRScDEwCihkcDExClMndXNlcm5hbWUnCnAxMgpW\nQWRtaW4KcDEzCnNTJ2ZpcnN0X25hbWUnCnAxNApWCnNTJ2xhc3RfbmFtZScKcDE1ClYKc1MnaXNf\nYWN0aXZlJwpwMTYKSTAxCnNTJ2VtYWlsJwpwMTcKVmJlbmR0c2VucG93ZWxsQGdtYWlsLmNvbQpw\nMTgKc1MnaXNfc3VwZXJ1c2VyJwpwMTkKSTAxCnNTJ2lzX3N0YWZmJwpwMjAKSTAxCnNTJ2xhc3Rf\nbG9naW4nCnAyMQpjZGF0ZXRpbWUKZGF0ZXRpbWUKcDIyCihTJ1x4MDdceGQ5XHgwN1x4MThceDBj\nXHgxOFx4MTJceDA0XHhkMzgnCnRScDIzCnNTJ3Bhc3N3b3JkJwpwMjQKVnNoYTEkMjBmMTkkNWE4\nMmY1ZDIwOGU3NzcwZDA0ZGFjYzYyMTRhNGU0ZDJjNDdjZDE0OQpwMjUKc1MnaWQnCnAyNgpJMQpz\nUydkYXRlX2pvaW5lZCcKcDI3CmcyMgooUydceDA3XHhkOVx4MDdceDE4XHgwY1x4MGYsXHgwMkZc\neDFhJwp0UnAyOApzYnNTJ2Rlc2NyaXB0aW9uJwpwMjkKVkVuIGdydXBwZSBmb3IgZWtzdGVybmUg\nYnJ1Z2VyZQpwMzAKc1MnY3JlYXRlZCcKcDMxCmcyMgooUydceDA3XHhkOVx4MDdceDE4XHgwYykw\nXHRiXHhkYScKdFJwMzIKc1MnZGVsZXRlZCcKcDMzCkkwMApzUydfdGFnc19jYWNoZScKcDM0ClYK\nc1MncHJpdmF0ZScKcDM1CkkwMApzZzI2Ckk2CnNTJ2NyZWF0b3JfaWQnCnAzNgpJMQpzUydzbHVn\nJwpwMzcKVmVrc3Rlcm5lLWJydWdlcmUKcDM4CnNTJ25hbWUnCnAzOQpWRWtzdGVybmUgYnJ1Z2Vy\nZQpwNDAKc2JzSTAxCnRwNDEKYS4=\n"}}, {"pk": 6, "model": "notification.noticequeuebatch", "fields": {"pickled_data": "KGxwMQooSTEKUyd0cmliZXNfbmV3X3RyaWJlJwpwMgooZHAzClMndHJpYmUnCnA0CmN0cmliZXMu\nbW9kZWxzClRyaWJlCnA1Cih0UnA2CihkcDcKUydfY3JlYXRvcl9jYWNoZScKcDgKY2RqYW5nby5j\nb250cmliLmF1dGgubW9kZWxzClVzZXIKcDkKKHRScDEwCihkcDExClMndXNlcm5hbWUnCnAxMgpW\nQWRtaW4KcDEzCnNTJ2ZpcnN0X25hbWUnCnAxNApWCnNTJ2xhc3RfbmFtZScKcDE1ClYKc1MnaXNf\nYWN0aXZlJwpwMTYKSTAxCnNTJ2VtYWlsJwpwMTcKVmJlbmR0c2VucG93ZWxsQGdtYWlsLmNvbQpw\nMTgKc1MnaXNfc3VwZXJ1c2VyJwpwMTkKSTAxCnNTJ2lzX3N0YWZmJwpwMjAKSTAxCnNTJ2xhc3Rf\nbG9naW4nCnAyMQpjZGF0ZXRpbWUKZGF0ZXRpbWUKcDIyCihTJ1x4MDdceGQ5XHgwN1x4MThceDBj\nXHgxOFx4MTJceDA0XHhkMzgnCnRScDIzCnNTJ3Bhc3N3b3JkJwpwMjQKVnNoYTEkMjBmMTkkNWE4\nMmY1ZDIwOGU3NzcwZDA0ZGFjYzYyMTRhNGU0ZDJjNDdjZDE0OQpwMjUKc1MnaWQnCnAyNgpJMQpz\nUydkYXRlX2pvaW5lZCcKcDI3CmcyMgooUydceDA3XHhkOVx4MDdceDE4XHgwY1x4MGYsXHgwMkZc\neDFhJwp0UnAyOApzYnNTJ2Rlc2NyaXB0aW9uJwpwMjkKVlRoZSBnbG9iYWwgZ3JvdXAuIApwMzAK\nc1MnY3JlYXRlZCcKcDMxCmcyMgooUydceDA3XHhkOVx4MDdceDE4XHgwYzImXHgwMyRceGE2Jwp0\nUnAzMgpzUydkZWxldGVkJwpwMzMKSTAwCnNTJ190YWdzX2NhY2hlJwpwMzQKVgpzUydwcml2YXRl\nJwpwMzUKSTAwCnNnMjYKSTcKc1MnY3JlYXRvcl9pZCcKcDM2CkkxCnNTJ3NsdWcnCnAzNwpWZ2xv\nYmFsCnAzOApzUyduYW1lJwpwMzkKVlRoZSBnbG9iZQpwNDAKc2JzSTAxCnRwNDEKYS4=\n"}}, {"pk": 1, "model": "oembed.providerrule", "fields": {"regex": "http://\\S*?flickr.com/\\S*", "endpoint": "http://www.flickr.com/services/oembed/", "name": "Flickr", "format": 1}}, {"pk": 2, "model": "oembed.providerrule", "fields": {"regex": "http://\\S*?viddler.com/\\S*", "endpoint": "http://lab.viddler.com/services/oembed/", "name": "Viddler", "format": 1}}, {"pk": 3, "model": "oembed.providerrule", "fields": {"regex": "http://qik.com/\\S*", "endpoint": "http://qik.com/api/oembed.json", "name": "Qik", "format": 1}}, {"pk": 4, "model": "oembed.providerrule", "fields": {"regex": "http://\\S*?pownce.com/\\S*", "endpoint": "http://api.pownce.com/2.1/oembed.json", "name": "Pownce", "format": 1}}, {"pk": 5, "model": "oembed.providerrule", "fields": {"regex": "http://\\S*?revision3.com/\\S*", "endpoint": "http://revision3.com/api/oembed/", "name": "Revision3", "format": 1}}, {"pk": 6, "model": "oembed.providerrule", "fields": {"regex": "http://\\S*.amazon.(com|co.uk|de|ca|jp)/\\S*/(gp/product|o/ASIN|obidos/ASIN|dp)/\\S*", "endpoint": "http://oohembed.com/oohembed/", "name": "Amazon Product Image (OohEmbed)", "format": 1}}, {"pk": 7, "model": "oembed.providerrule", "fields": {"regex": "http://\\S*.collegehumor.com/video:\\S*", "endpoint": "http://oohembed.com/oohembed/", "name": "CollegeHumor Video (OohEmbed)", "format": 1}}, {"pk": 8, "model": "oembed.providerrule", "fields": {"regex": "http://\\S*.funnyordie.com/videos/\\S*", "endpoint": "http://oohembed.com/oohembed/", "name": "Funny or Die Video (OohEmbed)", "format": 1}}, {"pk": 9, "model": "oembed.providerrule", "fields": {"regex": "http://video.google.com/videoplay?\\S*", "endpoint": "http://oohembed.com/oohembed/", "name": "Google Video (OohEmbed)", "format": 1}}, {"pk": 10, "model": "oembed.providerrule", "fields": {"regex": "http://www.hulu.com/watch/\\S*", "endpoint": "http://oohembed.com/oohembed/", "name": "Hulu (OohEmbed)", "format": 1}}, {"pk": 11, "model": "oembed.providerrule", "fields": {"regex": "http://\\S*.metacafe.com/watch/\\S*", "endpoint": "http://oohembed.com/oohembed/", "name": "Metacafe (OohEmbed)", "format": 1}}, {"pk": 12, "model": "oembed.providerrule", "fields": {"regex": "http://twitter.com/\\S*/statuses/\\S*", "endpoint": "http://oohembed.com/oohembed/", "name": "Twitter Status (OohEmbed)", "format": 1}}, {"pk": 13, "model": "oembed.providerrule", "fields": {"regex": "http://\\S*.wikipedia.org/wiki/\\S*", "endpoint": "http://oohembed.com/oohembed/", "name": "Wikipedia (OohEmbed)", "format": 1}}, {"pk": 14, "model": "oembed.providerrule", "fields": {"regex": "http://\\S*.youtube.com/watch\\S*", "endpoint": "http://oohembed.com/oohembed/", "name": "YouTube (OohEmbed)", "format": 1}}, {"pk": 15, "model": "oembed.providerrule", "fields": {"regex": "http://vimeo.com/\\S*", "endpoint": "http://vimeo.com/api/oembed.json", "name": "Vimeo", "format": 1}}, {"pk": 1, "model": "djangodblog.errorbatch", "fields": {"server_name": "Malaz", "class_name": "IndexError", "checksum": "f04ccc45fda5e91f398a87169103d22b", "times_seen": 3, "traceback": "Traceback (most recent call last):\n  File \"/home/sean/programming/pinax-env/lib/python2.5/site-packages/django/core/handlers/base.py\", line 92, in get_response\n    response = callback(request, *callback_args, **callback_kwargs)\n  File \"/home/sean/programming/pinax-env/lib/python2.5/site-packages/django/views/generic/simple.py\", line 18, in direct_to_template\n    return HttpResponse(t.render(c), mimetype=mimetype)\n  File \"/home/sean/programming/pinax-env/lib/python2.5/site-packages/django/template/__init__.py\", line 178, in render\n    return self.nodelist.render(context)\n  File \"/home/sean/programming/pinax-env/lib/python2.5/site-packages/django/template/__init__.py\", line 779, in render\n    bits.append(self.render_node(node, context))\n  File \"/home/sean/programming/pinax-env/lib/python2.5/site-packages/django/template/__init__.py\", line 792, in render_node\n    return node.render(context)\n  File \"/home/sean/programming/pinax-env/lib/python2.5/site-packages/django/template/loader_tags.py\", line 97, in render\n    return compiled_parent.render(context)\n  File \"/home/sean/programming/pinax-env/lib/python2.5/site-packages/django/template/__init__.py\", line 178, in render\n    return self.nodelist.render(context)\n  File \"/home/sean/programming/pinax-env/lib/python2.5/site-packages/django/template/__init__.py\", line 779, in render\n    bits.append(self.render_node(node, context))\n  File \"/home/sean/programming/pinax-env/lib/python2.5/site-packages/django/template/__init__.py\", line 792, in render_node\n    return node.render(context)\n  File \"/home/sean/programming/pinax-env/lib/python2.5/site-packages/django/template/loader_tags.py\", line 97, in render\n    return compiled_parent.render(context)\n  File \"/home/sean/programming/pinax-env/lib/python2.5/site-packages/django/template/__init__.py\", line 178, in render\n    return self.nodelist.render(context)\n  File \"/home/sean/programming/pinax-env/lib/python2.5/site-packages/django/template/__init__.py\", line 779, in render\n    bits.append(self.render_node(node, context))\n  File \"/home/sean/programming/pinax-env/lib/python2.5/site-packages/django/template/__init__.py\", line 792, in render_node\n    return node.render(context)\n  File \"/home/sean/programming/pinax-env/lib/python2.5/site-packages/django/template/loader_tags.py\", line 24, in render\n    result = self.nodelist.render(context)\n  File \"/home/sean/programming/pinax-env/lib/python2.5/site-packages/django/template/__init__.py\", line 779, in render\n    bits.append(self.render_node(node, context))\n  File \"/home/sean/programming/pinax-env/lib/python2.5/site-packages/django/template/__init__.py\", line 792, in render_node\n    return node.render(context)\n  File \"/home/sean/programming/pinax-env/lib/python2.5/site-packages/django/template/__init__.py\", line 936, in render\n    dict = func(*args)\n  File \"/home/sean/programming/pinax-env/biblnet/apps/sepow/templatetags/biblnet_tags.py\", line 82, in get_latest\n    'latest_topic' : Topic.objects.filter(tribe__private=False).order_by('-created')[0],\n  File \"/home/sean/programming/pinax-env/lib/python2.5/site-packages/django/db/models/query.py\", line 159, in __getitem__\n    return list(qs)[0]\nIndexError: list index out of range\n", "is_resolved": false, "url": "http://127.0.0.1:8000/", "message": "list index out of range", "first_seen": "2009-07-24 12:28:35", "last_seen": "2009-07-24 12:28:35"}}, {"pk": 2, "model": "djangodblog.errorbatch", "fields": {"server_name": "Malaz", "class_name": "TemplateSyntaxError", "checksum": "a6c61ed75ec49ac857a6f10705c21abb", "times_seen": 1, "traceback": "Traceback (most recent call last):\n  File \"/home/sean/programming/pinax-env/lib/python2.5/site-packages/django/core/handlers/base.py\", line 92, in get_response\n    response = callback(request, *callback_args, **callback_kwargs)\n  File \"/home/sean/programming/pinax-env/lib/python2.5/site-packages/django/views/generic/simple.py\", line 18, in direct_to_template\n    return HttpResponse(t.render(c), mimetype=mimetype)\n  File \"/home/sean/programming/pinax-env/lib/python2.5/site-packages/django/test/utils.py\", line 29, in instrumented_test_render\n    return self.nodelist.render(context)\n  File \"/home/sean/programming/pinax-env/lib/python2.5/site-packages/django/template/__init__.py\", line 779, in render\n    bits.append(self.render_node(node, context))\n  File \"/home/sean/programming/pinax-env/lib/python2.5/site-packages/django/template/debug.py\", line 71, in render_node\n    result = node.render(context)\n  File \"/home/sean/programming/pinax-env/lib/python2.5/site-packages/django/template/loader_tags.py\", line 97, in render\n    return compiled_parent.render(context)\n  File \"/home/sean/programming/pinax-env/lib/python2.5/site-packages/django/test/utils.py\", line 29, in instrumented_test_render\n    return self.nodelist.render(context)\n  File \"/home/sean/programming/pinax-env/lib/python2.5/site-packages/django/template/__init__.py\", line 779, in render\n    bits.append(self.render_node(node, context))\n  File \"/home/sean/programming/pinax-env/lib/python2.5/site-packages/django/template/debug.py\", line 71, in render_node\n    result = node.render(context)\n  File \"/home/sean/programming/pinax-env/lib/python2.5/site-packages/django/template/loader_tags.py\", line 97, in render\n    return compiled_parent.render(context)\n  File \"/home/sean/programming/pinax-env/lib/python2.5/site-packages/django/test/utils.py\", line 29, in instrumented_test_render\n    return self.nodelist.render(context)\n  File \"/home/sean/programming/pinax-env/lib/python2.5/site-packages/django/template/__init__.py\", line 779, in render\n    bits.append(self.render_node(node, context))\n  File \"/home/sean/programming/pinax-env/lib/python2.5/site-packages/django/template/debug.py\", line 71, in render_node\n    result = node.render(context)\n  File \"/home/sean/programming/pinax-env/lib/python2.5/site-packages/django/template/loader_tags.py\", line 24, in render\n    result = self.nodelist.render(context)\n  File \"/home/sean/programming/pinax-env/lib/python2.5/site-packages/django/template/__init__.py\", line 779, in render\n    bits.append(self.render_node(node, context))\n  File \"/home/sean/programming/pinax-env/lib/python2.5/site-packages/django/template/debug.py\", line 81, in render_node\n    raise wrapped\nTemplateSyntaxError: Caught an exception while rendering: list index out of range\n\nOriginal Traceback (most recent call last):\n  File \"/home/sean/programming/pinax-env/lib/python2.5/site-packages/django/template/debug.py\", line 71, in render_node\n    result = node.render(context)\n  File \"/home/sean/programming/pinax-env/lib/python2.5/site-packages/django/template/__init__.py\", line 936, in render\n    dict = func(*args)\n  File \"/home/sean/programming/pinax-env/biblnet/apps/sepow/templatetags/biblnet_tags.py\", line 82, in get_latest\n    'latest_topic' : Topic.objects.filter(tribe__private=False).order_by('-created')[0],\n  File \"/home/sean/programming/pinax-env/lib/python2.5/site-packages/django/db/models/query.py\", line 159, in __getitem__\n    return list(qs)[0]\nIndexError: list index out of range\n\n", "is_resolved": false, "url": "http://127.0.0.1:8000/", "message": "Caught an exception while rendering: list index out of range", "first_seen": "2009-07-24 12:29:04", "last_seen": "2009-07-24 12:29:04"}}, {"pk": 3, "model": "djangodblog.errorbatch", "fields": {"server_name": "Malaz", "class_name": "TemplateSyntaxError", "checksum": "9b343b52f93484dd1fb281270f0665f2", "times_seen": 1, "traceback": "Traceback (most recent call last):\n  File \"/home/sean/programming/pinax-env/lib/python2.5/site-packages/django/core/handlers/base.py\", line 92, in get_response\n    response = callback(request, *callback_args, **callback_kwargs)\n  File \"/home/sean/programming/pinax-env/lib/python2.5/site-packages/django/views/generic/simple.py\", line 18, in direct_to_template\n    return HttpResponse(t.render(c), mimetype=mimetype)\n  File \"/home/sean/programming/pinax-env/lib/python2.5/site-packages/django/test/utils.py\", line 29, in instrumented_test_render\n    return self.nodelist.render(context)\n  File \"/home/sean/programming/pinax-env/lib/python2.5/site-packages/django/template/__init__.py\", line 779, in render\n    bits.append(self.render_node(node, context))\n  File \"/home/sean/programming/pinax-env/lib/python2.5/site-packages/django/template/debug.py\", line 71, in render_node\n    result = node.render(context)\n  File \"/home/sean/programming/pinax-env/lib/python2.5/site-packages/django/template/loader_tags.py\", line 97, in render\n    return compiled_parent.render(context)\n  File \"/home/sean/programming/pinax-env/lib/python2.5/site-packages/django/test/utils.py\", line 29, in instrumented_test_render\n    return self.nodelist.render(context)\n  File \"/home/sean/programming/pinax-env/lib/python2.5/site-packages/django/template/__init__.py\", line 779, in render\n    bits.append(self.render_node(node, context))\n  File \"/home/sean/programming/pinax-env/lib/python2.5/site-packages/django/template/debug.py\", line 71, in render_node\n    result = node.render(context)\n  File \"/home/sean/programming/pinax-env/lib/python2.5/site-packages/django/template/loader_tags.py\", line 97, in render\n    return compiled_parent.render(context)\n  File \"/home/sean/programming/pinax-env/lib/python2.5/site-packages/django/test/utils.py\", line 29, in instrumented_test_render\n    return self.nodelist.render(context)\n  File \"/home/sean/programming/pinax-env/lib/python2.5/site-packages/django/template/__init__.py\", line 779, in render\n    bits.append(self.render_node(node, context))\n  File \"/home/sean/programming/pinax-env/lib/python2.5/site-packages/django/template/debug.py\", line 71, in render_node\n    result = node.render(context)\n  File \"/home/sean/programming/pinax-env/lib/python2.5/site-packages/django/template/loader_tags.py\", line 24, in render\n    result = self.nodelist.render(context)\n  File \"/home/sean/programming/pinax-env/lib/python2.5/site-packages/django/template/__init__.py\", line 779, in render\n    bits.append(self.render_node(node, context))\n  File \"/home/sean/programming/pinax-env/lib/python2.5/site-packages/django/template/debug.py\", line 71, in render_node\n    result = node.render(context)\n  File \"/home/sean/programming/pinax-env/lib/python2.5/site-packages/django/template/__init__.py\", line 946, in render\n    autoescape=context.autoescape))\n  File \"/home/sean/programming/pinax-env/lib/python2.5/site-packages/django/template/__init__.py\", line 779, in render\n    bits.append(self.render_node(node, context))\n  File \"/home/sean/programming/pinax-env/lib/python2.5/site-packages/django/template/debug.py\", line 81, in render_node\n    raise wrapped\nTemplateSyntaxError: Caught an exception while rendering: Reverse for 'profile_detail' with arguments '('',)' and keyword arguments '{}' not found.\n\nOriginal Traceback (most recent call last):\n  File \"/home/sean/programming/pinax-env/lib/python2.5/site-packages/django/template/debug.py\", line 71, in render_node\n    result = node.render(context)\n  File \"/home/sean/programming/pinax-env/lib/python2.5/site-packages/django/template/defaulttags.py\", line 382, in render\n    raise e\nNoReverseMatch: Reverse for 'profile_detail' with arguments '('',)' and keyword arguments '{}' not found.\n\n", "is_resolved": false, "url": "http://127.0.0.1:8000/", "message": "Caught an exception while rendering: Reverse for 'profile_detail' with arguments '('',)' and keyword arguments '{}' not found.", "first_seen": "2009-07-24 12:31:13", "last_seen": "2009-07-24 12:31:13"}}, {"pk": 1, "model": "djangodblog.error", "fields": {"server_name": "Malaz", "class_name": "IndexError", "traceback": "Traceback (most recent call last):\n  File \"/home/sean/programming/pinax-env/lib/python2.5/site-packages/django/core/handlers/base.py\", line 92, in get_response\n    response = callback(request, *callback_args, **callback_kwargs)\n  File \"/home/sean/programming/pinax-env/lib/python2.5/site-packages/django/views/generic/simple.py\", line 18, in direct_to_template\n    return HttpResponse(t.render(c), mimetype=mimetype)\n  File \"/home/sean/programming/pinax-env/lib/python2.5/site-packages/django/template/__init__.py\", line 178, in render\n    return self.nodelist.render(context)\n  File \"/home/sean/programming/pinax-env/lib/python2.5/site-packages/django/template/__init__.py\", line 779, in render\n    bits.append(self.render_node(node, context))\n  File \"/home/sean/programming/pinax-env/lib/python2.5/site-packages/django/template/__init__.py\", line 792, in render_node\n    return node.render(context)\n  File \"/home/sean/programming/pinax-env/lib/python2.5/site-packages/django/template/loader_tags.py\", line 97, in render\n    return compiled_parent.render(context)\n  File \"/home/sean/programming/pinax-env/lib/python2.5/site-packages/django/template/__init__.py\", line 178, in render\n    return self.nodelist.render(context)\n  File \"/home/sean/programming/pinax-env/lib/python2.5/site-packages/django/template/__init__.py\", line 779, in render\n    bits.append(self.render_node(node, context))\n  File \"/home/sean/programming/pinax-env/lib/python2.5/site-packages/django/template/__init__.py\", line 792, in render_node\n    return node.render(context)\n  File \"/home/sean/programming/pinax-env/lib/python2.5/site-packages/django/template/loader_tags.py\", line 97, in render\n    return compiled_parent.render(context)\n  File \"/home/sean/programming/pinax-env/lib/python2.5/site-packages/django/template/__init__.py\", line 178, in render\n    return self.nodelist.render(context)\n  File \"/home/sean/programming/pinax-env/lib/python2.5/site-packages/django/template/__init__.py\", line 779, in render\n    bits.append(self.render_node(node, context))\n  File \"/home/sean/programming/pinax-env/lib/python2.5/site-packages/django/template/__init__.py\", line 792, in render_node\n    return node.render(context)\n  File \"/home/sean/programming/pinax-env/lib/python2.5/site-packages/django/template/loader_tags.py\", line 24, in render\n    result = self.nodelist.render(context)\n  File \"/home/sean/programming/pinax-env/lib/python2.5/site-packages/django/template/__init__.py\", line 779, in render\n    bits.append(self.render_node(node, context))\n  File \"/home/sean/programming/pinax-env/lib/python2.5/site-packages/django/template/__init__.py\", line 792, in render_node\n    return node.render(context)\n  File \"/home/sean/programming/pinax-env/lib/python2.5/site-packages/django/template/__init__.py\", line 936, in render\n    dict = func(*args)\n  File \"/home/sean/programming/pinax-env/biblnet/apps/sepow/templatetags/biblnet_tags.py\", line 82, in get_latest\n    'latest_topic' : Topic.objects.filter(tribe__private=False).order_by('-created')[0],\n  File \"/home/sean/programming/pinax-env/lib/python2.5/site-packages/django/db/models/query.py\", line 159, in __getitem__\n    return list(qs)[0]\nIndexError: list index out of range\n", "datetime": "2009-07-24 12:28:35", "url": "http://127.0.0.1:8000/", "message": "list index out of range"}}, {"pk": 2, "model": "djangodblog.error", "fields": {"server_name": "Malaz", "class_name": "IndexError", "traceback": "Traceback (most recent call last):\n  File \"/home/sean/programming/pinax-env/lib/python2.5/site-packages/django/core/handlers/base.py\", line 92, in get_response\n    response = callback(request, *callback_args, **callback_kwargs)\n  File \"/home/sean/programming/pinax-env/lib/python2.5/site-packages/django/views/generic/simple.py\", line 18, in direct_to_template\n    return HttpResponse(t.render(c), mimetype=mimetype)\n  File \"/home/sean/programming/pinax-env/lib/python2.5/site-packages/django/template/__init__.py\", line 178, in render\n    return self.nodelist.render(context)\n  File \"/home/sean/programming/pinax-env/lib/python2.5/site-packages/django/template/__init__.py\", line 779, in render\n    bits.append(self.render_node(node, context))\n  File \"/home/sean/programming/pinax-env/lib/python2.5/site-packages/django/template/__init__.py\", line 792, in render_node\n    return node.render(context)\n  File \"/home/sean/programming/pinax-env/lib/python2.5/site-packages/django/template/loader_tags.py\", line 97, in render\n    return compiled_parent.render(context)\n  File \"/home/sean/programming/pinax-env/lib/python2.5/site-packages/django/template/__init__.py\", line 178, in render\n    return self.nodelist.render(context)\n  File \"/home/sean/programming/pinax-env/lib/python2.5/site-packages/django/template/__init__.py\", line 779, in render\n    bits.append(self.render_node(node, context))\n  File \"/home/sean/programming/pinax-env/lib/python2.5/site-packages/django/template/__init__.py\", line 792, in render_node\n    return node.render(context)\n  File \"/home/sean/programming/pinax-env/lib/python2.5/site-packages/django/template/loader_tags.py\", line 97, in render\n    return compiled_parent.render(context)\n  File \"/home/sean/programming/pinax-env/lib/python2.5/site-packages/django/template/__init__.py\", line 178, in render\n    return self.nodelist.render(context)\n  File \"/home/sean/programming/pinax-env/lib/python2.5/site-packages/django/template/__init__.py\", line 779, in render\n    bits.append(self.render_node(node, context))\n  File \"/home/sean/programming/pinax-env/lib/python2.5/site-packages/django/template/__init__.py\", line 792, in render_node\n    return node.render(context)\n  File \"/home/sean/programming/pinax-env/lib/python2.5/site-packages/django/template/loader_tags.py\", line 24, in render\n    result = self.nodelist.render(context)\n  File \"/home/sean/programming/pinax-env/lib/python2.5/site-packages/django/template/__init__.py\", line 779, in render\n    bits.append(self.render_node(node, context))\n  File \"/home/sean/programming/pinax-env/lib/python2.5/site-packages/django/template/__init__.py\", line 792, in render_node\n    return node.render(context)\n  File \"/home/sean/programming/pinax-env/lib/python2.5/site-packages/django/template/__init__.py\", line 936, in render\n    dict = func(*args)\n  File \"/home/sean/programming/pinax-env/biblnet/apps/sepow/templatetags/biblnet_tags.py\", line 82, in get_latest\n    'latest_topic' : Topic.objects.filter(tribe__private=False).order_by('-created')[0],\n  File \"/home/sean/programming/pinax-env/lib/python2.5/site-packages/django/db/models/query.py\", line 159, in __getitem__\n    return list(qs)[0]\nIndexError: list index out of range\n", "datetime": "2009-07-24 12:28:38", "url": "http://127.0.0.1:8000/", "message": "list index out of range"}}, {"pk": 3, "model": "djangodblog.error", "fields": {"server_name": "Malaz", "class_name": "IndexError", "traceback": "Traceback (most recent call last):\n  File \"/home/sean/programming/pinax-env/lib/python2.5/site-packages/django/core/handlers/base.py\", line 92, in get_response\n    response = callback(request, *callback_args, **callback_kwargs)\n  File \"/home/sean/programming/pinax-env/lib/python2.5/site-packages/django/views/generic/simple.py\", line 18, in direct_to_template\n    return HttpResponse(t.render(c), mimetype=mimetype)\n  File \"/home/sean/programming/pinax-env/lib/python2.5/site-packages/django/template/__init__.py\", line 178, in render\n    return self.nodelist.render(context)\n  File \"/home/sean/programming/pinax-env/lib/python2.5/site-packages/django/template/__init__.py\", line 779, in render\n    bits.append(self.render_node(node, context))\n  File \"/home/sean/programming/pinax-env/lib/python2.5/site-packages/django/template/__init__.py\", line 792, in render_node\n    return node.render(context)\n  File \"/home/sean/programming/pinax-env/lib/python2.5/site-packages/django/template/loader_tags.py\", line 97, in render\n    return compiled_parent.render(context)\n  File \"/home/sean/programming/pinax-env/lib/python2.5/site-packages/django/template/__init__.py\", line 178, in render\n    return self.nodelist.render(context)\n  File \"/home/sean/programming/pinax-env/lib/python2.5/site-packages/django/template/__init__.py\", line 779, in render\n    bits.append(self.render_node(node, context))\n  File \"/home/sean/programming/pinax-env/lib/python2.5/site-packages/django/template/__init__.py\", line 792, in render_node\n    return node.render(context)\n  File \"/home/sean/programming/pinax-env/lib/python2.5/site-packages/django/template/loader_tags.py\", line 97, in render\n    return compiled_parent.render(context)\n  File \"/home/sean/programming/pinax-env/lib/python2.5/site-packages/django/template/__init__.py\", line 178, in render\n    return self.nodelist.render(context)\n  File \"/home/sean/programming/pinax-env/lib/python2.5/site-packages/django/template/__init__.py\", line 779, in render\n    bits.append(self.render_node(node, context))\n  File \"/home/sean/programming/pinax-env/lib/python2.5/site-packages/django/template/__init__.py\", line 792, in render_node\n    return node.render(context)\n  File \"/home/sean/programming/pinax-env/lib/python2.5/site-packages/django/template/loader_tags.py\", line 24, in render\n    result = self.nodelist.render(context)\n  File \"/home/sean/programming/pinax-env/lib/python2.5/site-packages/django/template/__init__.py\", line 779, in render\n    bits.append(self.render_node(node, context))\n  File \"/home/sean/programming/pinax-env/lib/python2.5/site-packages/django/template/__init__.py\", line 792, in render_node\n    return node.render(context)\n  File \"/home/sean/programming/pinax-env/lib/python2.5/site-packages/django/template/__init__.py\", line 936, in render\n    dict = func(*args)\n  File \"/home/sean/programming/pinax-env/biblnet/apps/sepow/templatetags/biblnet_tags.py\", line 82, in get_latest\n    'latest_topic' : Topic.objects.filter(tribe__private=False).order_by('-created')[0],\n  File \"/home/sean/programming/pinax-env/lib/python2.5/site-packages/django/db/models/query.py\", line 159, in __getitem__\n    return list(qs)[0]\nIndexError: list index out of range\n", "datetime": "2009-07-24 12:28:39", "url": "http://127.0.0.1:8000/", "message": "list index out of range"}}, {"pk": 4, "model": "djangodblog.error", "fields": {"server_name": "Malaz", "class_name": "TemplateSyntaxError", "traceback": "Traceback (most recent call last):\n  File \"/home/sean/programming/pinax-env/lib/python2.5/site-packages/django/core/handlers/base.py\", line 92, in get_response\n    response = callback(request, *callback_args, **callback_kwargs)\n  File \"/home/sean/programming/pinax-env/lib/python2.5/site-packages/django/views/generic/simple.py\", line 18, in direct_to_template\n    return HttpResponse(t.render(c), mimetype=mimetype)\n  File \"/home/sean/programming/pinax-env/lib/python2.5/site-packages/django/test/utils.py\", line 29, in instrumented_test_render\n    return self.nodelist.render(context)\n  File \"/home/sean/programming/pinax-env/lib/python2.5/site-packages/django/template/__init__.py\", line 779, in render\n    bits.append(self.render_node(node, context))\n  File \"/home/sean/programming/pinax-env/lib/python2.5/site-packages/django/template/debug.py\", line 71, in render_node\n    result = node.render(context)\n  File \"/home/sean/programming/pinax-env/lib/python2.5/site-packages/django/template/loader_tags.py\", line 97, in render\n    return compiled_parent.render(context)\n  File \"/home/sean/programming/pinax-env/lib/python2.5/site-packages/django/test/utils.py\", line 29, in instrumented_test_render\n    return self.nodelist.render(context)\n  File \"/home/sean/programming/pinax-env/lib/python2.5/site-packages/django/template/__init__.py\", line 779, in render\n    bits.append(self.render_node(node, context))\n  File \"/home/sean/programming/pinax-env/lib/python2.5/site-packages/django/template/debug.py\", line 71, in render_node\n    result = node.render(context)\n  File \"/home/sean/programming/pinax-env/lib/python2.5/site-packages/django/template/loader_tags.py\", line 97, in render\n    return compiled_parent.render(context)\n  File \"/home/sean/programming/pinax-env/lib/python2.5/site-packages/django/test/utils.py\", line 29, in instrumented_test_render\n    return self.nodelist.render(context)\n  File \"/home/sean/programming/pinax-env/lib/python2.5/site-packages/django/template/__init__.py\", line 779, in render\n    bits.append(self.render_node(node, context))\n  File \"/home/sean/programming/pinax-env/lib/python2.5/site-packages/django/template/debug.py\", line 71, in render_node\n    result = node.render(context)\n  File \"/home/sean/programming/pinax-env/lib/python2.5/site-packages/django/template/loader_tags.py\", line 24, in render\n    result = self.nodelist.render(context)\n  File \"/home/sean/programming/pinax-env/lib/python2.5/site-packages/django/template/__init__.py\", line 779, in render\n    bits.append(self.render_node(node, context))\n  File \"/home/sean/programming/pinax-env/lib/python2.5/site-packages/django/template/debug.py\", line 81, in render_node\n    raise wrapped\nTemplateSyntaxError: Caught an exception while rendering: list index out of range\n\nOriginal Traceback (most recent call last):\n  File \"/home/sean/programming/pinax-env/lib/python2.5/site-packages/django/template/debug.py\", line 71, in render_node\n    result = node.render(context)\n  File \"/home/sean/programming/pinax-env/lib/python2.5/site-packages/django/template/__init__.py\", line 936, in render\n    dict = func(*args)\n  File \"/home/sean/programming/pinax-env/biblnet/apps/sepow/templatetags/biblnet_tags.py\", line 82, in get_latest\n    'latest_topic' : Topic.objects.filter(tribe__private=False).order_by('-created')[0],\n  File \"/home/sean/programming/pinax-env/lib/python2.5/site-packages/django/db/models/query.py\", line 159, in __getitem__\n    return list(qs)[0]\nIndexError: list index out of range\n\n", "datetime": "2009-07-24 12:29:04", "url": "http://127.0.0.1:8000/", "message": "Caught an exception while rendering: list index out of range"}}, {"pk": 5, "model": "djangodblog.error", "fields": {"server_name": "Malaz", "class_name": "TemplateSyntaxError", "traceback": "Traceback (most recent call last):\n  File \"/home/sean/programming/pinax-env/lib/python2.5/site-packages/django/core/handlers/base.py\", line 92, in get_response\n    response = callback(request, *callback_args, **callback_kwargs)\n  File \"/home/sean/programming/pinax-env/lib/python2.5/site-packages/django/views/generic/simple.py\", line 18, in direct_to_template\n    return HttpResponse(t.render(c), mimetype=mimetype)\n  File \"/home/sean/programming/pinax-env/lib/python2.5/site-packages/django/test/utils.py\", line 29, in instrumented_test_render\n    return self.nodelist.render(context)\n  File \"/home/sean/programming/pinax-env/lib/python2.5/site-packages/django/template/__init__.py\", line 779, in render\n    bits.append(self.render_node(node, context))\n  File \"/home/sean/programming/pinax-env/lib/python2.5/site-packages/django/template/debug.py\", line 71, in render_node\n    result = node.render(context)\n  File \"/home/sean/programming/pinax-env/lib/python2.5/site-packages/django/template/loader_tags.py\", line 97, in render\n    return compiled_parent.render(context)\n  File \"/home/sean/programming/pinax-env/lib/python2.5/site-packages/django/test/utils.py\", line 29, in instrumented_test_render\n    return self.nodelist.render(context)\n  File \"/home/sean/programming/pinax-env/lib/python2.5/site-packages/django/template/__init__.py\", line 779, in render\n    bits.append(self.render_node(node, context))\n  File \"/home/sean/programming/pinax-env/lib/python2.5/site-packages/django/template/debug.py\", line 71, in render_node\n    result = node.render(context)\n  File \"/home/sean/programming/pinax-env/lib/python2.5/site-packages/django/template/loader_tags.py\", line 97, in render\n    return compiled_parent.render(context)\n  File \"/home/sean/programming/pinax-env/lib/python2.5/site-packages/django/test/utils.py\", line 29, in instrumented_test_render\n    return self.nodelist.render(context)\n  File \"/home/sean/programming/pinax-env/lib/python2.5/site-packages/django/template/__init__.py\", line 779, in render\n    bits.append(self.render_node(node, context))\n  File \"/home/sean/programming/pinax-env/lib/python2.5/site-packages/django/template/debug.py\", line 71, in render_node\n    result = node.render(context)\n  File \"/home/sean/programming/pinax-env/lib/python2.5/site-packages/django/template/loader_tags.py\", line 24, in render\n    result = self.nodelist.render(context)\n  File \"/home/sean/programming/pinax-env/lib/python2.5/site-packages/django/template/__init__.py\", line 779, in render\n    bits.append(self.render_node(node, context))\n  File \"/home/sean/programming/pinax-env/lib/python2.5/site-packages/django/template/debug.py\", line 71, in render_node\n    result = node.render(context)\n  File \"/home/sean/programming/pinax-env/lib/python2.5/site-packages/django/template/__init__.py\", line 946, in render\n    autoescape=context.autoescape))\n  File \"/home/sean/programming/pinax-env/lib/python2.5/site-packages/django/template/__init__.py\", line 779, in render\n    bits.append(self.render_node(node, context))\n  File \"/home/sean/programming/pinax-env/lib/python2.5/site-packages/django/template/debug.py\", line 81, in render_node\n    raise wrapped\nTemplateSyntaxError: Caught an exception while rendering: Reverse for 'profile_detail' with arguments '('',)' and keyword arguments '{}' not found.\n\nOriginal Traceback (most recent call last):\n  File \"/home/sean/programming/pinax-env/lib/python2.5/site-packages/django/template/debug.py\", line 71, in render_node\n    result = node.render(context)\n  File \"/home/sean/programming/pinax-env/lib/python2.5/site-packages/django/template/defaulttags.py\", line 382, in render\n    raise e\nNoReverseMatch: Reverse for 'profile_detail' with arguments '('',)' and keyword arguments '{}' not found.\n\n", "datetime": "2009-07-24 12:31:13", "url": "http://127.0.0.1:8000/", "message": "Caught an exception while rendering: Reverse for 'profile_detail' with arguments '('',)' and keyword arguments '{}' not found."}}, {"pk": 1, "model": "app_plugins.pluginpoint", "fields": {"status": 0, "index": 0, "registered": true, "label": "profiles.profile"}}, {"pk": 1, "model": "app_plugins.plugin", "fields": {"status": 0, "index": 0, "point": 1, "registered": false, "required": false, "label": "wiki.profiles.profile", "template": "wiki/plugins/profiles/profile.html"}}, {"pk": 2, "model": "app_plugins.plugin", "fields": {"status": 0, "index": 0, "point": 1, "registered": false, "required": false, "label": "bookmarks.profiles.profile", "template": "bookmarks/plugins/profiles/profile.html"}}, {"pk": 3, "model": "app_plugins.plugin", "fields": {"status": 0, "index": 0, "point": 1, "registered": false, "required": false, "label": "blog.profiles.profile", "template": "blog/plugins/profiles/profile.html"}}, {"pk": 4, "model": "app_plugins.plugin", "fields": {"status": 0, "index": 0, "point": 1, "registered": false, "required": false, "label": "microblogging.profiles.profile", "template": "microblogging/plugins/profiles/profile.html"}}, {"pk": 5, "model": "app_plugins.plugin", "fields": {"status": 0, "index": 0, "point": 1, "registered": false, "required": false, "label": "photos.profiles.profile", "template": "photos/plugins/profiles/profile.html"}}, {"pk": 4, "model": "tagging.tag", "fields": {"name": "aalborg"}}, {"pk": 10, "model": "tagging.tag", "fields": {"name": "bf"}}, {"pk": 1, "model": "tagging.tag", "fields": {"name": "danmarks biblioteksskole"}}, {"pk": 2, "model": "tagging.tag", "fields": {"name": "db"}}, {"pk": 11, "model": "tagging.tag", "fields": {"name": "fagforening"}}, {"pk": 5, "model": "tagging.tag", "fields": {"name": "f\u00e6lles gruppe"}}, {"pk": 8, "model": "tagging.tag", "fields": {"name": "it-universitetet"}}, {"pk": 9, "model": "tagging.tag", "fields": {"name": "itu"}}, {"pk": 3, "model": "tagging.tag", "fields": {"name": "k\u00f8benhavn"}}, {"pk": 6, "model": "tagging.tag", "fields": {"name": "sdu"}}, {"pk": 7, "model": "tagging.tag", "fields": {"name": "syddansk universitet"}}, {"pk": 1, "model": "tagging.taggeditem", "fields": {"tag": 1, "object_id": 1, "content_type": 65}}, {"pk": 2, "model": "tagging.taggeditem", "fields": {"tag": 2, "object_id": 1, "content_type": 65}}, {"pk": 3, "model": "tagging.taggeditem", "fields": {"tag": 3, "object_id": 1, "content_type": 65}}, {"pk": 4, "model": "tagging.taggeditem", "fields": {"tag": 4, "object_id": 2, "content_type": 65}}, {"pk": 5, "model": "tagging.taggeditem", "fields": {"tag": 1, "object_id": 2, "content_type": 65}}, {"pk": 6, "model": "tagging.taggeditem", "fields": {"tag": 5, "object_id": 2, "content_type": 65}}, {"pk": 7, "model": "tagging.taggeditem", "fields": {"tag": 6, "object_id": 3, "content_type": 65}}, {"pk": 8, "model": "tagging.taggeditem", "fields": {"tag": 7, "object_id": 3, "content_type": 65}}, {"pk": 9, "model": "tagging.taggeditem", "fields": {"tag": 8, "object_id": 4, "content_type": 65}}, {"pk": 10, "model": "tagging.taggeditem", "fields": {"tag": 9, "object_id": 4, "content_type": 65}}, {"pk": 11, "model": "tagging.taggeditem", "fields": {"tag": 3, "object_id": 4, "content_type": 65}}, {"pk": 12, "model": "tagging.taggeditem", "fields": {"tag": 10, "object_id": 5, "content_type": 65}}, {"pk": 13, "model": "tagging.taggeditem", "fields": {"tag": 11, "object_id": 5, "content_type": 65}}, {"pk": 1, "model": "photologue.photosize", "fields": {"name": "admin_thumbnail", "watermark": null, "increment_count": false, "effect": null, "crop": true, "height": 75, "width": 100, "upscale": false, "pre_cache": false, "quality": 70}}, {"pk": 2, "model": "photologue.photosize", "fields": {"name": "thumbnail", "watermark": null, "increment_count": false, "effect": null, "crop": true, "height": 75, "width": 100, "upscale": false, "pre_cache": false, "quality": 70}}, {"pk": 3, "model": "photologue.photosize", "fields": {"name": "display", "watermark": null, "increment_count": true, "effect": null, "crop": false, "height": 0, "width": 400, "upscale": false, "pre_cache": false, "quality": 80}}, {"pk": 1, "model": "profiles.affiliation", "fields": {"affiliation": "DB - KBH", "slug": "db-kbh", "icon": "images/affiliateicons/affiliation_db.png"}}, {"pk": 2, "model": "profiles.affiliation", "fields": {"affiliation": "DB - AA", "slug": "db-aa", "icon": "images/affiliateicons/affiliation_db_.png"}}, {"pk": 3, "model": "profiles.affiliation", "fields": {"affiliation": "SDU", "slug": "sdu", "icon": "images/affiliateicons/affiliation_sdu.png"}}, {"pk": 4, "model": "profiles.affiliation", "fields": {"affiliation": "IT-U", "slug": "it-u", "icon": "images/affiliateicons/affiliation_itu.png"}}, {"pk": 5, "model": "profiles.affiliation", "fields": {"affiliation": "BF", "slug": "bf", "icon": "images/affiliateicons/bf.png"}}, {"pk": 6, "model": "profiles.affiliation", "fields": {"affiliation": "Other relevant organizations", "slug": "other", "icon": "images/affiliateicons/affiliation_external.png"}}, {"pk": 1, "model": "profiles.occupation", "fields": {"icon": "images/occupationicons/occupation_student.png", "slug": "student", "occupation": "Student"}}, {"pk": 2, "model": "profiles.occupation", "fields": {"icon": "images/occupationicons/occupation_international.png", "slug": "international-student", "occupation": "International student"}}, {"pk": 3, "model": "profiles.occupation", "fields": {"icon": "images/occupationicons/occupation_alumni.png", "slug": "alumni", "occupation": "Former student"}}, {"pk": 4, "model": "profiles.occupation", "fields": {"icon": "images/occupationicons/occupation_vip.png", "slug": "vip", "occupation": "Academic personnel"}}, {"pk": 5, "model": "profiles.occupation", "fields": {"icon": "images/occupationicons/occupation_tap.png", "slug": "tap", "occupation": "Administrative personnel"}}, {"pk": 6, "model": "profiles.occupation", "fields": {"icon": "images/occupationicons/occupation_other.png", "slug": "other", "occupation": "Other"}}, {"pk": 1, "model": "profiles.profile", "fields": {"phone_number": "", "about": "I AM THE ALMIGHTY ADMINISTRATOR!", "name": "Administrator", "last_visit": "2009-07-24 12:15:44", "last_visit_storage": "2009-07-24 12:15:44", "affiliation": 1, "user": 1, "address": "", "reading_now": "", "listening_now": "", "nickname": "", "occupation": 1}}, {"pk": 1, "model": "account.account", "fields": {"timezone": "Europe/Copenhagen", "user": 1, "language": "en"}}, {"pk": 1, "model": "tribes.tribe", "fields": {"description": "Danmarks Biblioteksskole K\u00f8benhavn.", "creator": 1, "deleted": false, "created": "2009-07-24 12:25:15", "private": false, "slug": "db-kbh", "tags": "k\u00f8benhavn, danmarks biblioteksskole, db", "name": "DB - KBH"}}, {"pk": 2, "model": "tribes.tribe", "fields": {"description": "F\u00e6lles gruppe for Danmarks Biblioteksskole Aalborg", "creator": 1, "deleted": false, "created": "2009-07-24 12:35:18", "private": false, "slug": "db-aa", "tags": "danmarks biblioteksskole, aalborg, f\u00e6lles gruppe", "name": "DB-AA"}}, {"pk": 3, "model": "tribes.tribe", "fields": {"description": "F\u00e6lles gruppe for Syddansk Universitet", "creator": 1, "deleted": false, "created": "2009-07-24 12:36:50", "private": false, "slug": "sdu", "tags": "syddansk universitet, sdu", "name": "SDU"}}, {"pk": 4, "model": "tribes.tribe", "fields": {"description": "F\u00e6lles gruppe for IT-Universitetet", "creator": 1, "deleted": false, "created": "2009-07-24 12:38:03", "private": false, "slug": "it-u", "tags": "it-universitetet, itu, k\u00f8benhavn", "name": "IT-U"}}, {"pk": 5, "model": "tribes.tribe", "fields": {"description": "BFs gruppe ", "creator": 1, "deleted": false, "created": "2009-07-24 12:40:25", "private": false, "slug": "bf", "tags": "bf, fagforening", "name": "BF"}}, {"pk": 6, "model": "tribes.tribe", "fields": {"description": "En gruppe for eksterne brugere", "creator": 1, "deleted": false, "created": "2009-07-24 12:41:48", "private": false, "slug": "eksterne-brugere", "tags": "", "name": "Eksterne brugere"}}, {"pk": 7, "model": "tribes.tribe", "fields": {"description": "The global group. ", "creator": 1, "deleted": false, "created": "2009-07-24 12:50:38", "private": false, "slug": "global", "tags": "", "name": "The globe"}}, {"pk": 8, "model": "tribes.tribe", "fields": {"description": "The Admin group.... TOP SECRET! ", "creator": 1, "deleted": false, "created": "2009-07-24 12:51:27", "private": true, "slug": "administrators", "tags": "", "name": "Administrators"}}, {"pk": 1, "model": "tribes.tribemember", "fields": {"moderator": true, "tribe": 1, "user": 1, "last_visit": "2009-07-24 12:32:52"}}, {"pk": 2, "model": "tribes.tribemember", "fields": {"moderator": true, "tribe": 2, "user": 1, "last_visit": "2009-07-24 12:35:18"}}, {"pk": 3, "model": "tribes.tribemember", "fields": {"moderator": true, "tribe": 3, "user": 1, "last_visit": "2009-07-24 12:36:50"}}, {"pk": 4, "model": "tribes.tribemember", "fields": {"moderator": true, "tribe": 4, "user": 1, "last_visit": "2009-07-24 12:38:03"}}, {"pk": 5, "model": "tribes.tribemember", "fields": {"moderator": true, "tribe": 5, "user": 1, "last_visit": "2009-07-24 12:40:25"}}, {"pk": 6, "model": "tribes.tribemember", "fields": {"moderator": true, "tribe": 6, "user": 1, "last_visit": "2009-07-24 12:41:49"}}, {"pk": 7, "model": "tribes.tribemember", "fields": {"moderator": true, "tribe": 7, "user": 1, "last_visit": "2009-07-24 12:50:38"}}, {"pk": 8, "model": "tribes.tribemember", "fields": {"moderator": true, "tribe": 8, "user": 1, "last_visit": "2009-07-24 12:51:45"}}, {"pk": 23, "model": "admin.logentry", "fields": {"action_flag": 3, "action_time": "2009-07-24 12:49:39", "object_repr": "Global Group", "object_id": "7", "change_message": "", "user": 1, "content_type": 65}}, {"pk": 22, "model": "admin.logentry", "fields": {"action_flag": 1, "action_time": "2009-07-24 12:49:03", "object_repr": "Global Group - Admin", "object_id": "7", "change_message": "", "user": 1, "content_type": 66}}, {"pk": 21, "model": "admin.logentry", "fields": {"action_flag": 1, "action_time": "2009-07-24 12:48:18", "object_repr": "Global Group", "object_id": "7", "change_message": "", "user": 1, "content_type": 65}}, {"pk": 20, "model": "admin.logentry", "fields": {"action_flag": 1, "action_time": "2009-07-24 12:47:17", "object_repr": "Other", "object_id": "6", "change_message": "", "user": 1, "content_type": 60}}, {"pk": 19, "model": "admin.logentry", "fields": {"action_flag": 2, "action_time": "2009-07-24 12:47:05", "object_repr": "Administrative personnel", "object_id": "5", "change_message": "No fields changed.", "user": 1, "content_type": 60}}, {"pk": 18, "model": "admin.logentry", "fields": {"action_flag": 1, "action_time": "2009-07-24 12:46:59", "object_repr": "Administrative personnel", "object_id": "5", "change_message": "", "user": 1, "content_type": 60}}, {"pk": 17, "model": "admin.logentry", "fields": {"action_flag": 1, "action_time": "2009-07-24 12:46:42", "object_repr": "Academic personnel", "object_id": "4", "change_message": "", "user": 1, "content_type": 60}}, {"pk": 16, "model": "admin.logentry", "fields": {"action_flag": 1, "action_time": "2009-07-24 12:46:12", "object_repr": "Former student", "object_id": "3", "change_message": "", "user": 1, "content_type": 60}}, {"pk": 15, "model": "admin.logentry", "fields": {"action_flag": 1, "action_time": "2009-07-24 12:45:29", "object_repr": "International student", "object_id": "2", "change_message": "", "user": 1, "content_type": 60}}, {"pk": 14, "model": "admin.logentry", "fields": {"action_flag": 1, "action_time": "2009-07-24 12:44:35", "object_repr": "Other relevant organizations", "object_id": "6", "change_message": "", "user": 1, "content_type": 59}}, {"pk": 13, "model": "admin.logentry", "fields": {"action_flag": 2, "action_time": "2009-07-24 12:44:04", "object_repr": "BF", "object_id": "5", "change_message": "No fields changed.", "user": 1, "content_type": 59}}, {"pk": 12, "model": "admin.logentry", "fields": {"action_flag": 1, "action_time": "2009-07-24 12:44:01", "object_repr": "BF", "object_id": "5", "change_message": "", "user": 1, "content_type": 59}}, {"pk": 11, "model": "admin.logentry", "fields": {"action_flag": 1, "action_time": "2009-07-24 12:43:48", "object_repr": "IT-U", "object_id": "4", "change_message": "", "user": 1, "content_type": 59}}, {"pk": 10, "model": "admin.logentry", "fields": {"action_flag": 2, "action_time": "2009-07-24 12:43:35", "object_repr": "SDU", "object_id": "3", "change_message": "No fields changed.", "user": 1, "content_type": 59}}, {"pk": 9, "model": "admin.logentry", "fields": {"action_flag": 1, "action_time": "2009-07-24 12:43:26", "object_repr": "SDU", "object_id": "3", "change_message": "", "user": 1, "content_type": 59}}, {"pk": 8, "model": "admin.logentry", "fields": {"action_flag": 1, "action_time": "2009-07-24 12:43:00", "object_repr": "DB - AA", "object_id": "2", "change_message": "", "user": 1, "content_type": 59}}, {"pk": 7, "model": "admin.logentry", "fields": {"action_flag": 1, "action_time": "2009-07-24 12:32:29", "object_repr": "DB - KBH - Admin", "object_id": "1", "change_message": "", "user": 1, "content_type": 66}}, {"pk": 6, "model": "admin.logentry", "fields": {"action_flag": 1, "action_time": "2009-07-24 12:28:21", "object_repr": "DB - KBH - DB - KBH", "object_id": "1", "change_message": "", "user": 1, "content_type": 80}}, {"pk": 5, "model": "admin.logentry", "fields": {"action_flag": 1, "action_time": "2009-07-24 12:27:57", "object_repr": "DB - KBH", "object_id": "1", "change_message": "", "user": 1, "content_type": 79}}, {"pk": 4, "model": "admin.logentry", "fields": {"action_flag": 2, "action_time": "2009-07-24 12:27:37", "object_repr": "Admin", "object_id": "1", "change_message": "Changed name, about, affiliation and occupation.", "user": 1, "content_type": 61}}, {"pk": 3, "model": "admin.logentry", "fields": {"action_flag": 1, "action_time": "2009-07-24 12:26:38", "object_repr": "Student", "object_id": "1", "change_message": "", "user": 1, "content_type": 60}}, {"pk": 2, "model": "admin.logentry", "fields": {"action_flag": 1, "action_time": "2009-07-24 12:26:14", "object_repr": "DB - KBH", "object_id": "1", "change_message": "", "user": 1, "content_type": 59}}, {"pk": 1, "model": "admin.logentry", "fields": {"action_flag": 1, "action_time": "2009-07-24 12:26:12", "object_repr": "DB - KBH", "object_id": "1", "change_message": "", "user": 1, "content_type": 65}}, {"pk": 1, "model": "schedule.calendar", "fields": {"name": "DB - KBH", "slug": "db-kbh"}}, {"pk": 2, "model": "schedule.calendar", "fields": {"name": "DB-AA", "slug": "db-aa"}}, {"pk": 3, "model": "schedule.calendar", "fields": {"name": "SDU", "slug": "sdu"}}, {"pk": 4, "model": "schedule.calendar", "fields": {"name": "IT-U", "slug": "it-u"}}, {"pk": 5, "model": "schedule.calendar", "fields": {"name": "BF", "slug": "bf"}}, {"pk": 6, "model": "schedule.calendar", "fields": {"name": "Eksterne brugere", "slug": "eksterne-brugere"}}, {"pk": 7, "model": "schedule.calendar", "fields": {"name": "The globe", "slug": "global"}}, {"pk": 8, "model": "schedule.calendar", "fields": {"name": "Administrators", "slug": "administrators"}}, {"pk": 1, "model": "schedule.calendarrelation", "fields": {"inheritable": true, "distinction": "nuttin", "calendar": 1, "object_id": 1, "content_type": 65}}, {"pk": 2, "model": "schedule.calendarrelation", "fields": {"inheritable": true, "distinction": null, "calendar": 2, "object_id": 2, "content_type": 65}}, {"pk": 3, "model": "schedule.calendarrelation", "fields": {"inheritable": true, "distinction": null, "calendar": 3, "object_id": 3, "content_type": 65}}, {"pk": 4, "model": "schedule.calendarrelation", "fields": {"inheritable": true, "distinction": null, "calendar": 4, "object_id": 4, "content_type": 65}}, {"pk": 5, "model": "schedule.calendarrelation", "fields": {"inheritable": true, "distinction": null, "calendar": 5, "object_id": 5, "content_type": 65}}, {"pk": 6, "model": "schedule.calendarrelation", "fields": {"inheritable": true, "distinction": null, "calendar": 6, "object_id": 6, "content_type": 65}}, {"pk": 7, "model": "schedule.calendarrelation", "fields": {"inheritable": true, "distinction": null, "calendar": 7, "object_id": 7, "content_type": 65}}, {"pk": 8, "model": "schedule.calendarrelation", "fields": {"inheritable": true, "distinction": null, "calendar": 8, "object_id": 8, "content_type": 65}}, {"pk": 1, "model": "elsewhere.socialnetwork", "fields": {"url": "http://www.43things.com/person/%s", "identifier": "Username", "name": "43 Things", "icon": "fortythreethings.png"}}, {"pk": 2, "model": "elsewhere.socialnetwork", "fields": {"url": "http://www.bebo.com/Profile.jsp?MemberId=%s", "identifier": "Member ID", "name": "Bebo", "icon": "bebo.png"}}, {"pk": 3, "model": "elsewhere.socialnetwork", "fields": {"url": "http://%s.blip.tv", "identifier": "Username", "name": "Blip.tv", "icon": "blip.png"}}, {"pk": 4, "model": "elsewhere.socialnetwork", "fields": {"url": "http://www.catster.com/cats/%s", "identifier": "Cat ID", "name": "Catster", "icon": "catster.png"}}, {"pk": 5, "model": "elsewhere.socialnetwork", "fields": {"url": "http://corkd.com/people/%s", "identifier": "Username", "name": "Corkd", "icon": "corkd.png"}}, {"pk": 6, "model": "elsewhere.socialnetwork", "fields": {"url": "http://delicious.com/%s", "identifier": "Username", "name": "Delicious", "icon": "delicious.png"}}, {"pk": 7, "model": "elsewhere.socialnetwork", "fields": {"url": "http://digg.com/users/%s", "identifier": "Username", "name": "Digg", "icon": "digg.png"}}, {"pk": 8, "model": "elsewhere.socialnetwork", "fields": {"url": "http://djangopeople.net/%s", "identifier": "Username", "name": "Django People", "icon": "djangopeople.png"}}, {"pk": 9, "model": "elsewhere.socialnetwork", "fields": {"url": "http://www.dodgeball.com/user?uid=%s", "identifier": "User ID", "name": "Dodgeball", "icon": "dodgeball.png"}}, {"pk": 10, "model": "elsewhere.socialnetwork", "fields": {"url": "http://www.dogster.com/dogs/%s", "identifier": "Dog ID", "name": "Dogster", "icon": "dogster.png"}}, {"pk": 11, "model": "elsewhere.socialnetwork", "fields": {"url": "http://www.dopplr.com/traveller/%s", "identifier": "Username", "name": "Dopplr", "icon": "dopplr.png"}}, {"pk": 12, "model": "elsewhere.socialnetwork", "fields": {"url": "http://www.facebook.com/profile.php?id=%s", "identifier": "User ID", "name": "Facebook", "icon": "facebook.png"}}, {"pk": 13, "model": "elsewhere.socialnetwork", "fields": {"url": "http://www.flickr.com/photos/%s/", "identifier": "Flickr Alias", "name": "Flickr", "icon": "flickr.png"}}, {"pk": 14, "model": "elsewhere.socialnetwork", "fields": {"url": "http://playfoursquare.com/user?uid=%s", "identifier": "User ID", "name": "foursquare", "icon": "foursquare.png"}}, {"pk": 15, "model": "elsewhere.socialnetwork", "fields": {"url": "http://live.xbox.com/en-US/profile/profile.aspx?pp=0&GamerTag=%s", "identifier": "Gamertag", "name": "Gamer Card", "icon": "gamercard.png"}}, {"pk": 16, "model": "elsewhere.socialnetwork", "fields": {"url": "http://github.com/%s", "identifier": "Username", "name": "GitHub", "icon": "github.png"}}, {"pk": 17, "model": "elsewhere.socialnetwork", "fields": {"url": "http://www.goodreads.com/user/show/%s", "identifier": "User ID", "name": "GoodReads", "icon": "goodreads.png"}}, {"pk": 18, "model": "elsewhere.socialnetwork", "fields": {"url": "http://hi5.com/friend/profile/displayProfile.do?userid=%s", "identifier": "User ID", "name": "Hi5", "icon": "hi5.png"}}, {"pk": 19, "model": "elsewhere.socialnetwork", "fields": {"url": "http://www.instructables.com/member/%s", "identifier": "Username", "name": "Instructables", "icon": "instructables.png"}}, {"pk": 20, "model": "elsewhere.socialnetwork", "fields": {"url": "http://%s.jaiku.com", "identifier": "Username", "name": "Jaiku", "icon": "jaiku.png"}}, {"pk": 21, "model": "elsewhere.socialnetwork", "fields": {"url": "http://www.last.fm/user/%s", "identifier": "Username", "name": "Last.fm", "icon": "lastfm.png"}}, {"pk": 22, "model": "elsewhere.socialnetwork", "fields": {"url": "http://www.librarything.com/profile/%s", "identifier": "Username", "name": "LibraryThing", "icon": "librarything.png"}}, {"pk": 23, "model": "elsewhere.socialnetwork", "fields": {"url": "http://www.linkedin.com/in/%s", "identifier": "Full Name (without spaces)", "name": "LinkedIn", "icon": "linkedin.png"}}, {"pk": 24, "model": "elsewhere.socialnetwork", "fields": {"url": "http://%s.livejournal.com", "identifier": "Username", "name": "LiveJournal", "icon": "lj.png"}}, {"pk": 25, "model": "elsewhere.socialnetwork", "fields": {"url": "http://ma.gnolia.com/people/%s", "identifier": "Username", "name": "Ma.gnolia", "icon": "magnolia.png"}}, {"pk": 26, "model": "elsewhere.socialnetwork", "fields": {"url": "http://www.metafilter.com/user/%s", "identifier": "User ID", "name": "MetaFilter", "icon": "metafilter.png"}}, {"pk": 27, "model": "elsewhere.socialnetwork", "fields": {"url": "http://mog.com/%s", "identifier": "Username", "name": "MOG", "icon": "mog.png"}}, {"pk": 28, "model": "elsewhere.socialnetwork", "fields": {"url": "http://%s.multiply.com", "identifier": "Username", "name": "Multiply", "icon": "multiply.png"}}, {"pk": 29, "model": "elsewhere.socialnetwork", "fields": {"url": "http://www.myspace.com/%s", "identifier": "Username", "name": "MySpace", "icon": "myspace.png"}}, {"pk": 30, "model": "elsewhere.socialnetwork", "fields": {"url": "http://www.netvibes.com/%s", "identifier": "Username", "name": "Netvibes", "icon": "netvibes.png"}}, {"pk": 31, "model": "elsewhere.socialnetwork", "fields": {"url": "http://%s.newsvine.com", "identifier": "Username", "name": "Newsvine", "icon": "newsvine.png"}}, {"pk": 32, "model": "elsewhere.socialnetwork", "fields": {"url": "http://%s.ning.com", "identifier": "Network Name", "name": "Ning", "icon": "ning.png"}}, {"pk": 33, "model": "elsewhere.socialnetwork", "fields": {"url": "http://www.orkut.com/Profile.aspx?uid=%s", "identifier": "User ID", "name": "Orkut", "icon": "orkut.png"}}, {"pk": 34, "model": "elsewhere.socialnetwork", "fields": {"url": "http://pandora.com/people/%s", "identifier": "Username", "name": "Pandora", "icon": "pandora.png"}}, {"pk": 35, "model": "elsewhere.socialnetwork", "fields": {"url": "http://%s.myplaxo.com", "identifier": "Public Profile ID", "name": "Plaxo", "icon": "plaxo.png"}}, {"pk": 36, "model": "elsewhere.socialnetwork", "fields": {"url": "http://pownce.com/%s", "identifier": "Username", "name": "Pownce", "icon": "pownce.png"}}, {"pk": 37, "model": "elsewhere.socialnetwork", "fields": {"url": "http://readernaut.com/%s", "identifier": "Username", "name": "Readernaut", "icon": "readernaut.png"}}, {"pk": 38, "model": "elsewhere.socialnetwork", "fields": {"url": "http://www.redbubble.com/people/%s", "identifier": "Username", "name": "RedBubble", "icon": "redbubble.png"}}, {"pk": 39, "model": "elsewhere.socialnetwork", "fields": {"url": "http://reddit.com/user/%s", "identifier": "Username", "name": "Reddit", "icon": "reddit.png"}}, {"pk": 40, "model": "elsewhere.socialnetwork", "fields": {"url": "http://seesmic.com/%s", "identifier": "Username", "name": "Seesmic", "icon": "seesmic.png"}}, {"pk": 41, "model": "elsewhere.socialnetwork", "fields": {"url": "http://shelfworthy.com/%s", "identifier": "Username", "name": "Shelfworthy", "icon": "shelfworthy.png"}}, {"pk": 42, "model": "elsewhere.socialnetwork", "fields": {"url": "http://www.sonicliving.com/user/%s", "identifier": "User ID", "name": "SonicLiving", "icon": "sonicliving.png"}}, {"pk": 43, "model": "elsewhere.socialnetwork", "fields": {"url": "http://%s.stumbleupon.com", "identifier": "Username", "name": "StumbleUpon", "icon": "stumbleupon.png"}}, {"pk": 44, "model": "elsewhere.socialnetwork", "fields": {"url": "http://www.tabblo.com/studio/person/%s", "identifier": "Username", "name": "Tabblo", "icon": "tabblo.png"}}, {"pk": 45, "model": "elsewhere.socialnetwork", "fields": {"url": "http://www.tagworld.com/%s", "identifier": "Username", "name": "TagWorld", "icon": ""}}, {"pk": 46, "model": "elsewhere.socialnetwork", "fields": {"url": "http://technorati.com/people/technorati/%s", "identifier": "Username", "name": "Technorati", "icon": "technorati.png"}}, {"pk": 47, "model": "elsewhere.socialnetwork", "fields": {"url": "http://people.tribe.net/%s", "identifier": "Username", "name": "Tribe", "icon": "tribe.png"}}, {"pk": 48, "model": "elsewhere.socialnetwork", "fields": {"url": "http://%s.tumblr.com", "identifier": "Username", "name": "Tumblr", "icon": "tumblr.png"}}, {"pk": 49, "model": "elsewhere.socialnetwork", "fields": {"url": "http://twitter.com/%s", "identifier": "Username", "name": "Twitter", "icon": "twitter.png"}}, {"pk": 50, "model": "elsewhere.socialnetwork", "fields": {"url": "http://upcoming.yahoo.com/user/%s", "identifier": "User ID", "name": "Upcoming", "icon": "upcoming.png"}}, {"pk": 51, "model": "elsewhere.socialnetwork", "fields": {"url": "http://www.ustream.tv/%s", "identifier": "Username", "name": "Ustream.TV", "icon": "ustream.png"}}, {"pk": 52, "model": "elsewhere.socialnetwork", "fields": {"url": "http://www.virb.com/%s", "identifier": "Username", "name": "Virb", "icon": "virb.png"}}, {"pk": 53, "model": "elsewhere.socialnetwork", "fields": {"url": "http://%s.vox.com", "identifier": "Username", "name": "Vox", "icon": "vox.png"}}, {"pk": 54, "model": "elsewhere.socialnetwork", "fields": {"url": "http://wakoopa.com/%s", "identifier": "Username", "name": "Wakoopa", "icon": "wakoopa.png"}}, {"pk": 55, "model": "elsewhere.socialnetwork", "fields": {"url": "http://www.youtube.com/user/%s", "identifier": "Username", "name": "YouTube", "icon": "youtube.png"}}, {"pk": 56, "model": "elsewhere.socialnetwork", "fields": {"url": "http://www.zooomr.com/photos/%s", "identifier": "Username", "name": "Zooomr", "icon": "zooomr.png"}}, {"pk": 57, "model": "elsewhere.socialnetwork", "fields": {"url": "http://social.zune.net/member/%s", "identifier": "Username", "name": "Zune", "icon": "zune.png"}}, {"pk": 1, "model": "elsewhere.instantmessenger", "fields": {"url": "aim:goim?screenname=%s", "identifier": "", "name": "AIM", "icon": "aim.png"}}, {"pk": 2, "model": "elsewhere.instantmessenger", "fields": {"url": "gtalk:chat?jid=%s", "identifier": "", "name": "GTalk", "icon": "gtalk.png"}}, {"pk": 3, "model": "elsewhere.instantmessenger", "fields": {"url": "http://www.icq.com/people/about_me.php?to=%s", "identifier": "", "name": "ICQ", "icon": "icq.png"}}, {"pk": 4, "model": "elsewhere.instantmessenger", "fields": {"url": "msnim:chat?contact=%s", "identifier": "", "name": "MSN", "icon": "msn.png"}}, {"pk": 5, "model": "elsewhere.instantmessenger", "fields": {"url": "skype:%s?chat", "identifier": "", "name": "Skype", "icon": "skype.png"}}, {"pk": 6, "model": "elsewhere.instantmessenger", "fields": {"url": "ymsgr:sendim?%s", "identifier": "", "name": "Y!", "icon": "yahoo.png"}}]
