[{"pk": 184, "model": "auth.permission", "fields": {"codename": "add_account", "name": "Can add account", "content_type": 62}}, {"pk": 187, "model": "auth.permission", "fields": {"codename": "add_otherserviceinfo", "name": "Can add other service info", "content_type": 63}}, {"pk": 190, "model": "auth.permission", "fields": {"codename": "add_passwordreset", "name": "Can add password reset", "content_type": 64}}, {"pk": 185, "model": "auth.permission", "fields": {"codename": "change_account", "name": "Can change account", "content_type": 62}}, {"pk": 188, "model": "auth.permission", "fields": {"codename": "change_otherserviceinfo", "name": "Can change other service info", "content_type": 63}}, {"pk": 191, "model": "auth.permission", "fields": {"codename": "change_passwordreset", "name": "Can change password reset", "content_type": 64}}, {"pk": 186, "model": "auth.permission", "fields": {"codename": "delete_account", "name": "Can delete account", "content_type": 62}}, {"pk": 189, "model": "auth.permission", "fields": {"codename": "delete_otherserviceinfo", "name": "Can delete other service info", "content_type": 63}}, {"pk": 192, "model": "auth.permission", "fields": {"codename": "delete_passwordreset", "name": "Can delete password reset", "content_type": 64}}, {"pk": 223, "model": "auth.permission", "fields": {"codename": "add_logentry", "name": "Can add log entry", "content_type": 75}}, {"pk": 224, "model": "auth.permission", "fields": {"codename": "change_logentry", "name": "Can change log entry", "content_type": 75}}, {"pk": 225, "model": "auth.permission", "fields": {"codename": "delete_logentry", "name": "Can delete log entry", "content_type": 75}}, {"pk": 73, "model": "auth.permission", "fields": {"codename": "add_announcement", "name": "Can add announcement", "content_type": 25}}, {"pk": 74, "model": "auth.permission", "fields": {"codename": "change_announcement", "name": "Can change announcement", "content_type": 25}}, {"pk": 75, "model": "auth.permission", "fields": {"codename": "delete_announcement", "name": "Can delete announcement", "content_type": 25}}, {"pk": 112, "model": "auth.permission", "fields": {"codename": "add_plugin", "name": "Can add plugin", "content_type": 38}}, {"pk": 109, "model": "auth.permission", "fields": {"codename": "add_pluginpoint", "name": "Can add plugin point", "content_type": 37}}, {"pk": 115, "model": "auth.permission", "fields": {"codename": "add_userpluginpreference", "name": "Can add user plugin preference", "content_type": 39}}, {"pk": 113, "model": "auth.permission", "fields": {"codename": "change_plugin", "name": "Can change plugin", "content_type": 38}}, {"pk": 110, "model": "auth.permission", "fields": {"codename": "change_pluginpoint", "name": "Can change plugin point", "content_type": 37}}, {"pk": 116, "model": "auth.permission", "fields": {"codename": "change_userpluginpreference", "name": "Can change user plugin preference", "content_type": 39}}, {"pk": 114, "model": "auth.permission", "fields": {"codename": "delete_plugin", "name": "Can delete plugin", "content_type": 38}}, {"pk": 111, "model": "auth.permission", "fields": {"codename": "delete_pluginpoint", "name": "Can delete plugin point", "content_type": 37}}, {"pk": 117, "model": "auth.permission", "fields": {"codename": "delete_userpluginpreference", "name": "Can delete user plugin preference", "content_type": 39}}, {"pk": 4, "model": "auth.permission", "fields": {"codename": "add_group", "name": "Can add group", "content_type": 2}}, {"pk": 10, "model": "auth.permission", "fields": {"codename": "add_message", "name": "Can add message", "content_type": 4}}, {"pk": 1, "model": "auth.permission", "fields": {"codename": "add_permission", "name": "Can add permission", "content_type": 1}}, {"pk": 7, "model": "auth.permission", "fields": {"codename": "add_user", "name": "Can add user", "content_type": 3}}, {"pk": 5, "model": "auth.permission", "fields": {"codename": "change_group", "name": "Can change group", "content_type": 2}}, {"pk": 11, "model": "auth.permission", "fields": {"codename": "change_message", "name": "Can change message", "content_type": 4}}, {"pk": 2, "model": "auth.permission", "fields": {"codename": "change_permission", "name": "Can change permission", "content_type": 1}}, {"pk": 8, "model": "auth.permission", "fields": {"codename": "change_user", "name": "Can change user", "content_type": 3}}, {"pk": 6, "model": "auth.permission", "fields": {"codename": "delete_group", "name": "Can delete group", "content_type": 2}}, {"pk": 12, "model": "auth.permission", "fields": {"codename": "delete_message", "name": "Can delete message", "content_type": 4}}, {"pk": 3, "model": "auth.permission", "fields": {"codename": "delete_permission", "name": "Can delete permission", "content_type": 1}}, {"pk": 9, "model": "auth.permission", "fields": {"codename": "delete_user", "name": "Can delete user", "content_type": 3}}, {"pk": 154, "model": "auth.permission", "fields": {"codename": "add_avatar", "name": "Can add avatar", "content_type": 52}}, {"pk": 155, "model": "auth.permission", "fields": {"codename": "change_avatar", "name": "Can change avatar", "content_type": 52}}, {"pk": 156, "model": "auth.permission", "fields": {"codename": "delete_avatar", "name": "Can delete avatar", "content_type": 52}}, {"pk": 133, "model": "auth.permission", "fields": {"codename": "add_post", "name": "Can add post", "content_type": 45}}, {"pk": 134, "model": "auth.permission", "fields": {"codename": "change_post", "name": "Can change post", "content_type": 45}}, {"pk": 135, "model": "auth.permission", "fields": {"codename": "delete_post", "name": "Can delete post", "content_type": 45}}, {"pk": 127, "model": "auth.permission", "fields": {"codename": "add_bookmark", "name": "Can add bookmark", "content_type": 43}}, {"pk": 130, "model": "auth.permission", "fields": {"codename": "add_bookmarkinstance", "name": "Can add bookmark instance", "content_type": 44}}, {"pk": 128, "model": "auth.permission", "fields": {"codename": "change_bookmark", "name": "Can change bookmark", "content_type": 43}}, {"pk": 131, "model": "auth.permission", "fields": {"codename": "change_bookmarkinstance", "name": "Can change bookmark instance", "content_type": 44}}, {"pk": 129, "model": "auth.permission", "fields": {"codename": "delete_bookmark", "name": "Can delete bookmark", "content_type": 43}}, {"pk": 132, "model": "auth.permission", "fields": {"codename": "delete_bookmarkinstance", "name": "Can delete bookmark instance", "content_type": 44}}, {"pk": 226, "model": "auth.permission", "fields": {"codename": "add_captchastore", "name": "Can add captcha store", "content_type": 76}}, {"pk": 227, "model": "auth.permission", "fields": {"codename": "change_captchastore", "name": "Can change captcha store", "content_type": 76}}, {"pk": 228, "model": "auth.permission", "fields": {"codename": "delete_captchastore", "name": "Can delete captcha store", "content_type": 76}}, {"pk": 13, "model": "auth.permission", "fields": {"codename": "add_contenttype", "name": "Can add content type", "content_type": 5}}, {"pk": 14, "model": "auth.permission", "fields": {"codename": "change_contenttype", "name": "Can change content type", "content_type": 5}}, {"pk": 15, "model": "auth.permission", "fields": {"codename": "delete_contenttype", "name": "Can delete content type", "content_type": 5}}, {"pk": 49, "model": "auth.permission", "fields": {"codename": "add_template", "name": "Can add template", "content_type": 17}}, {"pk": 50, "model": "auth.permission", "fields": {"codename": "change_template", "name": "Can change template", "content_type": 17}}, {"pk": 51, "model": "auth.permission", "fields": {"codename": "delete_template", "name": "Can delete template", "content_type": 17}}, {"pk": 229, "model": "auth.permission", "fields": {"codename": "add_documentstaging", "name": "Can add document staging", "content_type": 77}}, {"pk": 230, "model": "auth.permission", "fields": {"codename": "change_documentstaging", "name": "Can change document staging", "content_type": 77}}, {"pk": 231, "model": "auth.permission", "fields": {"codename": "delete_documentstaging", "name": "Can delete document staging", "content_type": 77}}, {"pk": 85, "model": "auth.permission", "fields": {"codename": "add_error", "name": "Can add error", "content_type": 29}}, {"pk": 82, "model": "auth.permission", "fields": {"codename": "add_errorbatch", "name": "Can add error batch", "content_type": 28}}, {"pk": 86, "model": "auth.permission", "fields": {"codename": "change_error", "name": "Can change error", "content_type": 29}}, {"pk": 83, "model": "auth.permission", "fields": {"codename": "change_errorbatch", "name": "Can change error batch", "content_type": 28}}, {"pk": 87, "model": "auth.permission", "fields": {"codename": "delete_error", "name": "Can delete error", "content_type": 29}}, {"pk": 84, "model": "auth.permission", "fields": {"codename": "delete_errorbatch", "name": "Can delete error batch", "content_type": 28}}, {"pk": 37, "model": "auth.permission", "fields": {"codename": "add_emailaddress", "name": "Can add e-mail address", "content_type": 13}}, {"pk": 40, "model": "auth.permission", "fields": {"codename": "add_emailconfirmation", "name": "Can add e-mail confirmation", "content_type": 14}}, {"pk": 38, "model": "auth.permission", "fields": {"codename": "change_emailaddress", "name": "Can change e-mail address", "content_type": 13}}, {"pk": 41, "model": "auth.permission", "fields": {"codename": "change_emailconfirmation", "name": "Can change e-mail confirmation", "content_type": 14}}, {"pk": 39, "model": "auth.permission", "fields": {"codename": "delete_emailaddress", "name": "Can delete e-mail address", "content_type": 13}}, {"pk": 42, "model": "auth.permission", "fields": {"codename": "delete_emailconfirmation", "name": "Can delete e-mail confirmation", "content_type": 14}}, {"pk": 157, "model": "auth.permission", "fields": {"codename": "add_flaggedcontent", "name": "Can add flagged content", "content_type": 53}}, {"pk": 160, "model": "auth.permission", "fields": {"codename": "add_flaginstance", "name": "Can add flag instance", "content_type": 54}}, {"pk": 158, "model": "auth.permission", "fields": {"codename": "change_flaggedcontent", "name": "Can change flagged content", "content_type": 53}}, {"pk": 161, "model": "auth.permission", "fields": {"codename": "change_flaginstance", "name": "Can change flag instance", "content_type": 54}}, {"pk": 159, "model": "auth.permission", "fields": {"codename": "delete_flaggedcontent", "name": "Can delete flagged content", "content_type": 53}}, {"pk": 162, "model": "auth.permission", "fields": {"codename": "delete_flaginstance", "name": "Can delete flag instance", "content_type": 54}}, {"pk": 52, "model": "auth.permission", "fields": {"codename": "add_contact", "name": "Can add contact", "content_type": 18}}, {"pk": 55, "model": "auth.permission", "fields": {"codename": "add_friendship", "name": "Can add friendship", "content_type": 19}}, {"pk": 61, "model": "auth.permission", "fields": {"codename": "add_friendshipinvitation", "name": "Can add friendship invitation", "content_type": 21}}, {"pk": 58, "model": "auth.permission", "fields": {"codename": "add_joininvitation", "name": "Can add join invitation", "content_type": 20}}, {"pk": 53, "model": "auth.permission", "fields": {"codename": "change_contact", "name": "Can change contact", "content_type": 18}}, {"pk": 56, "model": "auth.permission", "fields": {"codename": "change_friendship", "name": "Can change friendship", "content_type": 19}}, {"pk": 62, "model": "auth.permission", "fields": {"codename": "change_friendshipinvitation", "name": "Can change friendship invitation", "content_type": 21}}, {"pk": 59, "model": "auth.permission", "fields": {"codename": "change_joininvitation", "name": "Can change join invitation", "content_type": 20}}, {"pk": 54, "model": "auth.permission", "fields": {"codename": "delete_contact", "name": "Can delete contact", "content_type": 18}}, {"pk": 57, "model": "auth.permission", "fields": {"codename": "delete_friendship", "name": "Can delete friendship", "content_type": 19}}, {"pk": 63, "model": "auth.permission", "fields": {"codename": "delete_friendshipinvitation", "name": "Can delete friendship invitation", "content_type": 21}}, {"pk": 60, "model": "auth.permission", "fields": {"codename": "delete_joininvitation", "name": "Can delete join invitation", "content_type": 20}}, {"pk": 172, "model": "auth.permission", "fields": {"codename": "add_location", "name": "Can add location", "content_type": 58}}, {"pk": 173, "model": "auth.permission", "fields": {"codename": "change_location", "name": "Can change location", "content_type": 58}}, {"pk": 174, "model": "auth.permission", "fields": {"codename": "delete_location", "name": "Can delete location", "content_type": 58}}, {"pk": 67, "model": "auth.permission", "fields": {"codename": "add_dontsendentry", "name": "Can add don't send entry", "content_type": 23}}, {"pk": 64, "model": "auth.permission", "fields": {"codename": "add_message", "name": "Can add message", "content_type": 22}}, {"pk": 70, "model": "auth.permission", "fields": {"codename": "add_messagelog", "name": "Can add message log", "content_type": 24}}, {"pk": 68, "model": "auth.permission", "fields": {"codename": "change_dontsendentry", "name": "Can change don't send entry", "content_type": 23}}, {"pk": 65, "model": "auth.permission", "fields": {"codename": "change_message", "name": "Can change message", "content_type": 22}}, {"pk": 71, "model": "auth.permission", "fields": {"codename": "change_messagelog", "name": "Can change message log", "content_type": 24}}, {"pk": 69, "model": "auth.permission", "fields": {"codename": "delete_dontsendentry", "name": "Can delete don't send entry", "content_type": 23}}, {"pk": 66, "model": "auth.permission", "fields": {"codename": "delete_message", "name": "Can delete message", "content_type": 22}}, {"pk": 72, "model": "auth.permission", "fields": {"codename": "delete_messagelog", "name": "Can delete message log", "content_type": 24}}, {"pk": 235, "model": "auth.permission", "fields": {"codename": "add_message", "name": "Can add Message", "content_type": 79}}, {"pk": 236, "model": "auth.permission", "fields": {"codename": "change_message", "name": "Can change Message", "content_type": 79}}, {"pk": 237, "model": "auth.permission", "fields": {"codename": "delete_message", "name": "Can delete Message", "content_type": 79}}, {"pk": 169, "model": "auth.permission", "fields": {"codename": "add_following", "name": "Can add following", "content_type": 57}}, {"pk": 163, "model": "auth.permission", "fields": {"codename": "add_tweet", "name": "Can add tweet", "content_type": 55}}, {"pk": 166, "model": "auth.permission", "fields": {"codename": "add_tweetinstance", "name": "Can add tweet instance", "content_type": 56}}, {"pk": 170, "model": "auth.permission", "fields": {"codename": "change_following", "name": "Can change following", "content_type": 57}}, {"pk": 164, "model": "auth.permission", "fields": {"codename": "change_tweet", "name": "Can change tweet", "content_type": 55}}, {"pk": 167, "model": "auth.permission", "fields": {"codename": "change_tweetinstance", "name": "Can change tweet instance", "content_type": 56}}, {"pk": 171, "model": "auth.permission", "fields": {"codename": "delete_following", "name": "Can delete following", "content_type": 57}}, {"pk": 165, "model": "auth.permission", "fields": {"codename": "delete_tweet", "name": "Can delete tweet", "content_type": 55}}, {"pk": 168, "model": "auth.permission", "fields": {"codename": "delete_tweetinstance", "name": "Can delete tweet instance", "content_type": 56}}, {"pk": 28, "model": "auth.permission", "fields": {"codename": "add_notice", "name": "Can add notice", "content_type": 10}}, {"pk": 31, "model": "auth.permission", "fields": {"codename": "add_noticequeuebatch", "name": "Can add notice queue batch", "content_type": 11}}, {"pk": 25, "model": "auth.permission", "fields": {"codename": "add_noticesetting", "name": "Can add notice setting", "content_type": 9}}, {"pk": 22, "model": "auth.permission", "fields": {"codename": "add_noticetype", "name": "Can add notice type", "content_type": 8}}, {"pk": 34, "model": "auth.permission", "fields": {"codename": "add_observeditem", "name": "Can add observed item", "content_type": 12}}, {"pk": 29, "model": "auth.permission", "fields": {"codename": "change_notice", "name": "Can change notice", "content_type": 10}}, {"pk": 32, "model": "auth.permission", "fields": {"codename": "change_noticequeuebatch", "name": "Can change notice queue batch", "content_type": 11}}, {"pk": 26, "model": "auth.permission", "fields": {"codename": "change_noticesetting", "name": "Can change notice setting", "content_type": 9}}, {"pk": 23, "model": "auth.permission", "fields": {"codename": "change_noticetype", "name": "Can change notice type", "content_type": 8}}, {"pk": 35, "model": "auth.permission", "fields": {"codename": "change_observeditem", "name": "Can change observed item", "content_type": 12}}, {"pk": 30, "model": "auth.permission", "fields": {"codename": "delete_notice", "name": "Can delete notice", "content_type": 10}}, {"pk": 33, "model": "auth.permission", "fields": {"codename": "delete_noticequeuebatch", "name": "Can delete notice queue batch", "content_type": 11}}, {"pk": 27, "model": "auth.permission", "fields": {"codename": "delete_noticesetting", "name": "Can delete notice setting", "content_type": 9}}, {"pk": 24, "model": "auth.permission", "fields": {"codename": "delete_noticetype", "name": "Can delete notice type", "content_type": 8}}, {"pk": 36, "model": "auth.permission", "fields": {"codename": "delete_observeditem", "name": "Can delete observed item", "content_type": 12}}, {"pk": 76, "model": "auth.permission", "fields": {"codename": "add_providerrule", "name": "Can add provider rule", "content_type": 26}}, {"pk": 79, "model": "auth.permission", "fields": {"codename": "add_storedoembed", "name": "Can add stored o embed", "content_type": 27}}, {"pk": 77, "model": "auth.permission", "fields": {"codename": "change_providerrule", "name": "Can change provider rule", "content_type": 26}}, {"pk": 80, "model": "auth.permission", "fields": {"codename": "change_storedoembed", "name": "Can change stored o embed", "content_type": 27}}, {"pk": 78, "model": "auth.permission", "fields": {"codename": "delete_providerrule", "name": "Can delete provider rule", "content_type": 26}}, {"pk": 81, "model": "auth.permission", "fields": {"codename": "delete_storedoembed", "name": "Can delete stored o embed", "content_type": 27}}, {"pk": 136, "model": "auth.permission", "fields": {"codename": "add_gallery", "name": "Can add gallery", "content_type": 46}}, {"pk": 139, "model": "auth.permission", "fields": {"codename": "add_galleryupload", "name": "Can add gallery upload", "content_type": 47}}, {"pk": 142, "model": "auth.permission", "fields": {"codename": "add_photo", "name": "Can add photo", "content_type": 48}}, {"pk": 145, "model": "auth.permission", "fields": {"codename": "add_photoeffect", "name": "Can add photo effect", "content_type": 49}}, {"pk": 151, "model": "auth.permission", "fields": {"codename": "add_photosize", "name": "Can add photo size", "content_type": 51}}, {"pk": 148, "model": "auth.permission", "fields": {"codename": "add_watermark", "name": "Can add watermark", "content_type": 50}}, {"pk": 137, "model": "auth.permission", "fields": {"codename": "change_gallery", "name": "Can change gallery", "content_type": 46}}, {"pk": 140, "model": "auth.permission", "fields": {"codename": "change_galleryupload", "name": "Can change gallery upload", "content_type": 47}}, {"pk": 143, "model": "auth.permission", "fields": {"codename": "change_photo", "name": "Can change photo", "content_type": 48}}, {"pk": 146, "model": "auth.permission", "fields": {"codename": "change_photoeffect", "name": "Can change photo effect", "content_type": 49}}, {"pk": 152, "model": "auth.permission", "fields": {"codename": "change_photosize", "name": "Can change photo size", "content_type": 51}}, {"pk": 149, "model": "auth.permission", "fields": {"codename": "change_watermark", "name": "Can change watermark", "content_type": 50}}, {"pk": 138, "model": "auth.permission", "fields": {"codename": "delete_gallery", "name": "Can delete gallery", "content_type": 46}}, {"pk": 141, "model": "auth.permission", "fields": {"codename": "delete_galleryupload", "name": "Can delete gallery upload", "content_type": 47}}, {"pk": 144, "model": "auth.permission", "fields": {"codename": "delete_photo", "name": "Can delete photo", "content_type": 48}}, {"pk": 147, "model": "auth.permission", "fields": {"codename": "delete_photoeffect", "name": "Can delete photo effect", "content_type": 49}}, {"pk": 153, "model": "auth.permission", "fields": {"codename": "delete_photosize", "name": "Can delete photo size", "content_type": 51}}, {"pk": 150, "model": "auth.permission", "fields": {"codename": "delete_watermark", "name": "Can delete watermark", "content_type": 50}}, {"pk": 217, "model": "auth.permission", "fields": {"codename": "add_image", "name": "Can add image", "content_type": 73}}, {"pk": 214, "model": "auth.permission", "fields": {"codename": "add_photoset", "name": "Can add photo set", "content_type": 72}}, {"pk": 220, "model": "auth.permission", "fields": {"codename": "add_pool", "name": "Can add pool", "content_type": 74}}, {"pk": 218, "model": "auth.permission", "fields": {"codename": "change_image", "name": "Can change image", "content_type": 73}}, {"pk": 215, "model": "auth.permission", "fields": {"codename": "change_photoset", "name": "Can change photo set", "content_type": 72}}, {"pk": 221, "model": "auth.permission", "fields": {"codename": "change_pool", "name": "Can change pool", "content_type": 74}}, {"pk": 219, "model": "auth.permission", "fields": {"codename": "delete_image", "name": "Can delete image", "content_type": 73}}, {"pk": 216, "model": "auth.permission", "fields": {"codename": "delete_photoset", "name": "Can delete photo set", "content_type": 72}}, {"pk": 222, "model": "auth.permission", "fields": {"codename": "delete_pool", "name": "Can delete pool", "content_type": 74}}, {"pk": 175, "model": "auth.permission", "fields": {"codename": "add_affiliation", "name": "Can add affiliation", "content_type": 59}}, {"pk": 178, "model": "auth.permission", "fields": {"codename": "add_occupation", "name": "Can add occupation", "content_type": 60}}, {"pk": 181, "model": "auth.permission", "fields": {"codename": "add_profile", "name": "Can add profile", "content_type": 61}}, {"pk": 176, "model": "auth.permission", "fields": {"codename": "change_affiliation", "name": "Can change affiliation", "content_type": 59}}, {"pk": 179, "model": "auth.permission", "fields": {"codename": "change_occupation", "name": "Can change occupation", "content_type": 60}}, {"pk": 182, "model": "auth.permission", "fields": {"codename": "change_profile", "name": "Can change profile", "content_type": 61}}, {"pk": 177, "model": "auth.permission", "fields": {"codename": "delete_affiliation", "name": "Can delete affiliation", "content_type": 59}}, {"pk": 180, "model": "auth.permission", "fields": {"codename": "delete_occupation", "name": "Can delete occupation", "content_type": 60}}, {"pk": 183, "model": "auth.permission", "fields": {"codename": "delete_profile", "name": "Can delete profile", "content_type": 61}}, {"pk": 202, "model": "auth.permission", "fields": {"codename": "add_project", "name": "Can add project", "content_type": 68}}, {"pk": 205, "model": "auth.permission", "fields": {"codename": "add_projectmember", "name": "Can add project member", "content_type": 69}}, {"pk": 211, "model": "auth.permission", "fields": {"codename": "add_task", "name": "Can add task", "content_type": 71}}, {"pk": 208, "model": "auth.permission", "fields": {"codename": "add_topic", "name": "Can add topic", "content_type": 70}}, {"pk": 203, "model": "auth.permission", "fields": {"codename": "change_project", "name": "Can change project", "content_type": 68}}, {"pk": 206, "model": "auth.permission", "fields": {"codename": "change_projectmember", "name": "Can change project member", "content_type": 69}}, {"pk": 212, "model": "auth.permission", "fields": {"codename": "change_task", "name": "Can change task", "content_type": 71}}, {"pk": 209, "model": "auth.permission", "fields": {"codename": "change_topic", "name": "Can change topic", "content_type": 70}}, {"pk": 204, "model": "auth.permission", "fields": {"codename": "delete_project", "name": "Can delete project", "content_type": 68}}, {"pk": 207, "model": "auth.permission", "fields": {"codename": "delete_projectmember", "name": "Can delete project member", "content_type": 69}}, {"pk": 213, "model": "auth.permission", "fields": {"codename": "delete_task", "name": "Can delete task", "content_type": 71}}, {"pk": 210, "model": "auth.permission", "fields": {"codename": "delete_topic", "name": "Can delete topic", "content_type": 70}}, {"pk": 46, "model": "auth.permission", "fields": {"codename": "add_rule", "name": "Can add rule", "content_type": 16}}, {"pk": 43, "model": "auth.permission", "fields": {"codename": "add_url", "name": "Can add url", "content_type": 15}}, {"pk": 47, "model": "auth.permission", "fields": {"codename": "change_rule", "name": "Can change rule", "content_type": 16}}, {"pk": 44, "model": "auth.permission", "fields": {"codename": "change_url", "name": "Can change url", "content_type": 15}}, {"pk": 48, "model": "auth.permission", "fields": {"codename": "delete_rule", "name": "Can delete rule", "content_type": 16}}, {"pk": 45, "model": "auth.permission", "fields": {"codename": "delete_url", "name": "Can delete url", "content_type": 15}}, {"pk": 16, "model": "auth.permission", "fields": {"codename": "add_session", "name": "Can add session", "content_type": 6}}, {"pk": 17, "model": "auth.permission", "fields": {"codename": "change_session", "name": "Can change session", "content_type": 6}}, {"pk": 18, "model": "auth.permission", "fields": {"codename": "delete_session", "name": "Can delete session", "content_type": 6}}, {"pk": 19, "model": "auth.permission", "fields": {"codename": "add_site", "name": "Can add site", "content_type": 7}}, {"pk": 20, "model": "auth.permission", "fields": {"codename": "change_site", "name": "Can change site", "content_type": 7}}, {"pk": 21, "model": "auth.permission", "fields": {"codename": "delete_site", "name": "Can delete site", "content_type": 7}}, {"pk": 232, "model": "auth.permission", "fields": {"codename": "add_document", "name": "Can add document", "content_type": 78}}, {"pk": 233, "model": "auth.permission", "fields": {"codename": "change_document", "name": "Can change document", "content_type": 78}}, {"pk": 234, "model": "auth.permission", "fields": {"codename": "delete_document", "name": "Can delete document", "content_type": 78}}, {"pk": 103, "model": "auth.permission", "fields": {"codename": "add_offer", "name": "Can add offer", "content_type": 35}}, {"pk": 106, "model": "auth.permission", "fields": {"codename": "add_swap", "name": "Can add swap", "content_type": 36}}, {"pk": 104, "model": "auth.permission", "fields": {"codename": "change_offer", "name": "Can change offer", "content_type": 35}}, {"pk": 107, "model": "auth.permission", "fields": {"codename": "change_swap", "name": "Can change swap", "content_type": 36}}, {"pk": 105, "model": "auth.permission", "fields": {"codename": "delete_offer", "name": "Can delete offer", "content_type": 35}}, {"pk": 108, "model": "auth.permission", "fields": {"codename": "delete_swap", "name": "Can delete swap", "content_type": 36}}, {"pk": 121, "model": "auth.permission", "fields": {"codename": "add_tag", "name": "Can add tag", "content_type": 41}}, {"pk": 124, "model": "auth.permission", "fields": {"codename": "add_taggeditem", "name": "Can add tagged item", "content_type": 42}}, {"pk": 122, "model": "auth.permission", "fields": {"codename": "change_tag", "name": "Can change tag", "content_type": 41}}, {"pk": 125, "model": "auth.permission", "fields": {"codename": "change_taggeditem", "name": "Can change tagged item", "content_type": 42}}, {"pk": 123, "model": "auth.permission", "fields": {"codename": "delete_tag", "name": "Can delete tag", "content_type": 41}}, {"pk": 126, "model": "auth.permission", "fields": {"codename": "delete_taggeditem", "name": "Can delete tagged item", "content_type": 42}}, {"pk": 91, "model": "auth.permission", "fields": {"codename": "add_freethreadedcomment", "name": "Can add Free Threaded Comment", "content_type": 31}}, {"pk": 94, "model": "auth.permission", "fields": {"codename": "add_testmodel", "name": "Can add test model", "content_type": 32}}, {"pk": 88, "model": "auth.permission", "fields": {"codename": "add_threadedcomment", "name": "Can add Threaded Comment", "content_type": 30}}, {"pk": 92, "model": "auth.permission", "fields": {"codename": "change_freethreadedcomment", "name": "Can change Free Threaded Comment", "content_type": 31}}, {"pk": 95, "model": "auth.permission", "fields": {"codename": "change_testmodel", "name": "Can change test model", "content_type": 32}}, {"pk": 89, "model": "auth.permission", "fields": {"codename": "change_threadedcomment", "name": "Can change Threaded Comment", "content_type": 30}}, {"pk": 93, "model": "auth.permission", "fields": {"codename": "delete_freethreadedcomment", "name": "Can delete Free Threaded Comment", "content_type": 31}}, {"pk": 96, "model": "auth.permission", "fields": {"codename": "delete_testmodel", "name": "Can delete test model", "content_type": 32}}, {"pk": 90, "model": "auth.permission", "fields": {"codename": "delete_threadedcomment", "name": "Can delete Threaded Comment", "content_type": 30}}, {"pk": 199, "model": "auth.permission", "fields": {"codename": "add_topic", "name": "Can add topic", "content_type": 67}}, {"pk": 193, "model": "auth.permission", "fields": {"codename": "add_tribe", "name": "Can add tribe", "content_type": 65}}, {"pk": 196, "model": "auth.permission", "fields": {"codename": "add_tribemember", "name": "Can add tribe member", "content_type": 66}}, {"pk": 200, "model": "auth.permission", "fields": {"codename": "change_topic", "name": "Can change topic", "content_type": 67}}, {"pk": 194, "model": "auth.permission", "fields": {"codename": "change_tribe", "name": "Can change tribe", "content_type": 65}}, {"pk": 197, "model": "auth.permission", "fields": {"codename": "change_tribemember", "name": "Can change tribe member", "content_type": 66}}, {"pk": 201, "model": "auth.permission", "fields": {"codename": "delete_topic", "name": "Can delete topic", "content_type": 67}}, {"pk": 195, "model": "auth.permission", "fields": {"codename": "delete_tribe", "name": "Can delete tribe", "content_type": 65}}, {"pk": 198, "model": "auth.permission", "fields": {"codename": "delete_tribemember", "name": "Can delete tribe member", "content_type": 66}}, {"pk": 118, "model": "auth.permission", "fields": {"codename": "add_vote", "name": "Can add vote", "content_type": 40}}, {"pk": 119, "model": "auth.permission", "fields": {"codename": "change_vote", "name": "Can change vote", "content_type": 40}}, {"pk": 120, "model": "auth.permission", "fields": {"codename": "delete_vote", "name": "Can delete vote", "content_type": 40}}, {"pk": 97, "model": "auth.permission", "fields": {"codename": "add_article", "name": "Can add Article", "content_type": 33}}, {"pk": 100, "model": "auth.permission", "fields": {"codename": "add_changeset", "name": "Can add Change set", "content_type": 34}}, {"pk": 98, "model": "auth.permission", "fields": {"codename": "change_article", "name": "Can change Article", "content_type": 33}}, {"pk": 101, "model": "auth.permission", "fields": {"codename": "change_changeset", "name": "Can change Change set", "content_type": 34}}, {"pk": 99, "model": "auth.permission", "fields": {"codename": "delete_article", "name": "Can delete Article", "content_type": 33}}, {"pk": 102, "model": "auth.permission", "fields": {"codename": "delete_changeset", "name": "Can delete Change set", "content_type": 34}}, {"pk": 1, "model": "auth.user", "fields": {"username": "Admin", "first_name": "Sean", "last_name": "Powell", "is_active": true, "is_superuser": true, "is_staff": true, "last_login": "2009-07-10 11:16:52", "groups": [], "user_permissions": [], "password": "sha1$58314$de8cfab363c8b9be7eba0ab800c13b9931e818b7", "email": "bendtsenpowell@gmail.com", "date_joined": "2009-07-10 09:22:09"}}, {"pk": 33, "model": "contenttypes.contenttype", "fields": {"model": "article", "name": "Article", "app_label": "wiki"}}, {"pk": 34, "model": "contenttypes.contenttype", "fields": {"model": "changeset", "name": "Change set", "app_label": "wiki"}}, {"pk": 31, "model": "contenttypes.contenttype", "fields": {"model": "freethreadedcomment", "name": "Free Threaded Comment", "app_label": "threadedcomments"}}, {"pk": 79, "model": "contenttypes.contenttype", "fields": {"model": "message", "name": "Message", "app_label": "messages"}}, {"pk": 30, "model": "contenttypes.contenttype", "fields": {"model": "threadedcomment", "name": "Threaded Comment", "app_label": "threadedcomments"}}, {"pk": 62, "model": "contenttypes.contenttype", "fields": {"model": "account", "name": "account", "app_label": "account"}}, {"pk": 59, "model": "contenttypes.contenttype", "fields": {"model": "affiliation", "name": "affiliation", "app_label": "profiles"}}, {"pk": 25, "model": "contenttypes.contenttype", "fields": {"model": "announcement", "name": "announcement", "app_label": "announcements"}}, {"pk": 52, "model": "contenttypes.contenttype", "fields": {"model": "avatar", "name": "avatar", "app_label": "avatar"}}, {"pk": 43, "model": "contenttypes.contenttype", "fields": {"model": "bookmark", "name": "bookmark", "app_label": "bookmarks"}}, {"pk": 44, "model": "contenttypes.contenttype", "fields": {"model": "bookmarkinstance", "name": "bookmark instance", "app_label": "bookmarks"}}, {"pk": 76, "model": "contenttypes.contenttype", "fields": {"model": "captchastore", "name": "captcha store", "app_label": "captcha"}}, {"pk": 18, "model": "contenttypes.contenttype", "fields": {"model": "contact", "name": "contact", "app_label": "friends"}}, {"pk": 5, "model": "contenttypes.contenttype", "fields": {"model": "contenttype", "name": "content type", "app_label": "contenttypes"}}, {"pk": 78, "model": "contenttypes.contenttype", "fields": {"model": "document", "name": "document", "app_label": "small_dms"}}, {"pk": 77, "model": "contenttypes.contenttype", "fields": {"model": "documentstaging", "name": "document staging", "app_label": "django_dms"}}, {"pk": 23, "model": "contenttypes.contenttype", "fields": {"model": "dontsendentry", "name": "don't send entry", "app_label": "mailer"}}, {"pk": 13, "model": "contenttypes.contenttype", "fields": {"model": "emailaddress", "name": "e-mail address", "app_label": "emailconfirmation"}}, {"pk": 14, "model": "contenttypes.contenttype", "fields": {"model": "emailconfirmation", "name": "e-mail confirmation", "app_label": "emailconfirmation"}}, {"pk": 29, "model": "contenttypes.contenttype", "fields": {"model": "error", "name": "error", "app_label": "djangodblog"}}, {"pk": 28, "model": "contenttypes.contenttype", "fields": {"model": "errorbatch", "name": "error batch", "app_label": "djangodblog"}}, {"pk": 54, "model": "contenttypes.contenttype", "fields": {"model": "flaginstance", "name": "flag instance", "app_label": "flag"}}, {"pk": 53, "model": "contenttypes.contenttype", "fields": {"model": "flaggedcontent", "name": "flagged content", "app_label": "flag"}}, {"pk": 57, "model": "contenttypes.contenttype", "fields": {"model": "following", "name": "following", "app_label": "microblogging"}}, {"pk": 19, "model": "contenttypes.contenttype", "fields": {"model": "friendship", "name": "friendship", "app_label": "friends"}}, {"pk": 21, "model": "contenttypes.contenttype", "fields": {"model": "friendshipinvitation", "name": "friendship invitation", "app_label": "friends"}}, {"pk": 46, "model": "contenttypes.contenttype", "fields": {"model": "gallery", "name": "gallery", "app_label": "photologue"}}, {"pk": 47, "model": "contenttypes.contenttype", "fields": {"model": "galleryupload", "name": "gallery upload", "app_label": "photologue"}}, {"pk": 2, "model": "contenttypes.contenttype", "fields": {"model": "group", "name": "group", "app_label": "auth"}}, {"pk": 73, "model": "contenttypes.contenttype", "fields": {"model": "image", "name": "image", "app_label": "photos"}}, {"pk": 20, "model": "contenttypes.contenttype", "fields": {"model": "joininvitation", "name": "join invitation", "app_label": "friends"}}, {"pk": 58, "model": "contenttypes.contenttype", "fields": {"model": "location", "name": "location", "app_label": "locations"}}, {"pk": 75, "model": "contenttypes.contenttype", "fields": {"model": "logentry", "name": "log entry", "app_label": "admin"}}, {"pk": 4, "model": "contenttypes.contenttype", "fields": {"model": "message", "name": "message", "app_label": "auth"}}, {"pk": 22, "model": "contenttypes.contenttype", "fields": {"model": "message", "name": "message", "app_label": "mailer"}}, {"pk": 24, "model": "contenttypes.contenttype", "fields": {"model": "messagelog", "name": "message log", "app_label": "mailer"}}, {"pk": 10, "model": "contenttypes.contenttype", "fields": {"model": "notice", "name": "notice", "app_label": "notification"}}, {"pk": 11, "model": "contenttypes.contenttype", "fields": {"model": "noticequeuebatch", "name": "notice queue batch", "app_label": "notification"}}, {"pk": 9, "model": "contenttypes.contenttype", "fields": {"model": "noticesetting", "name": "notice setting", "app_label": "notification"}}, {"pk": 8, "model": "contenttypes.contenttype", "fields": {"model": "noticetype", "name": "notice type", "app_label": "notification"}}, {"pk": 12, "model": "contenttypes.contenttype", "fields": {"model": "observeditem", "name": "observed item", "app_label": "notification"}}, {"pk": 60, "model": "contenttypes.contenttype", "fields": {"model": "occupation", "name": "occupation", "app_label": "profiles"}}, {"pk": 35, "model": "contenttypes.contenttype", "fields": {"model": "offer", "name": "offer", "app_label": "swaps"}}, {"pk": 63, "model": "contenttypes.contenttype", "fields": {"model": "otherserviceinfo", "name": "other service info", "app_label": "account"}}, {"pk": 64, "model": "contenttypes.contenttype", "fields": {"model": "passwordreset", "name": "password reset", "app_label": "account"}}, {"pk": 1, "model": "contenttypes.contenttype", "fields": {"model": "permission", "name": "permission", "app_label": "auth"}}, {"pk": 48, "model": "contenttypes.contenttype", "fields": {"model": "photo", "name": "photo", "app_label": "photologue"}}, {"pk": 49, "model": "contenttypes.contenttype", "fields": {"model": "photoeffect", "name": "photo effect", "app_label": "photologue"}}, {"pk": 72, "model": "contenttypes.contenttype", "fields": {"model": "photoset", "name": "photo set", "app_label": "photos"}}, {"pk": 51, "model": "contenttypes.contenttype", "fields": {"model": "photosize", "name": "photo size", "app_label": "photologue"}}, {"pk": 38, "model": "contenttypes.contenttype", "fields": {"model": "plugin", "name": "plugin", "app_label": "app_plugins"}}, {"pk": 37, "model": "contenttypes.contenttype", "fields": {"model": "pluginpoint", "name": "plugin point", "app_label": "app_plugins"}}, {"pk": 74, "model": "contenttypes.contenttype", "fields": {"model": "pool", "name": "pool", "app_label": "photos"}}, {"pk": 45, "model": "contenttypes.contenttype", "fields": {"model": "post", "name": "post", "app_label": "blog"}}, {"pk": 61, "model": "contenttypes.contenttype", "fields": {"model": "profile", "name": "profile", "app_label": "profiles"}}, {"pk": 68, "model": "contenttypes.contenttype", "fields": {"model": "project", "name": "project", "app_label": "projects"}}, {"pk": 69, "model": "contenttypes.contenttype", "fields": {"model": "projectmember", "name": "project member", "app_label": "projects"}}, {"pk": 26, "model": "contenttypes.contenttype", "fields": {"model": "providerrule", "name": "provider rule", "app_label": "oembed"}}, {"pk": 16, "model": "contenttypes.contenttype", "fields": {"model": "rule", "name": "rule", "app_label": "robots"}}, {"pk": 6, "model": "contenttypes.contenttype", "fields": {"model": "session", "name": "session", "app_label": "sessions"}}, {"pk": 7, "model": "contenttypes.contenttype", "fields": {"model": "site", "name": "site", "app_label": "sites"}}, {"pk": 27, "model": "contenttypes.contenttype", "fields": {"model": "storedoembed", "name": "stored o embed", "app_label": "oembed"}}, {"pk": 36, "model": "contenttypes.contenttype", "fields": {"model": "swap", "name": "swap", "app_label": "swaps"}}, {"pk": 41, "model": "contenttypes.contenttype", "fields": {"model": "tag", "name": "tag", "app_label": "tagging"}}, {"pk": 42, "model": "contenttypes.contenttype", "fields": {"model": "taggeditem", "name": "tagged item", "app_label": "tagging"}}, {"pk": 71, "model": "contenttypes.contenttype", "fields": {"model": "task", "name": "task", "app_label": "projects"}}, {"pk": 17, "model": "contenttypes.contenttype", "fields": {"model": "template", "name": "template", "app_label": "dbtemplates"}}, {"pk": 32, "model": "contenttypes.contenttype", "fields": {"model": "testmodel", "name": "test model", "app_label": "threadedcomments"}}, {"pk": 67, "model": "contenttypes.contenttype", "fields": {"model": "topic", "name": "topic", "app_label": "tribes"}}, {"pk": 70, "model": "contenttypes.contenttype", "fields": {"model": "topic", "name": "topic", "app_label": "projects"}}, {"pk": 65, "model": "contenttypes.contenttype", "fields": {"model": "tribe", "name": "tribe", "app_label": "tribes"}}, {"pk": 66, "model": "contenttypes.contenttype", "fields": {"model": "tribemember", "name": "tribe member", "app_label": "tribes"}}, {"pk": 55, "model": "contenttypes.contenttype", "fields": {"model": "tweet", "name": "tweet", "app_label": "microblogging"}}, {"pk": 56, "model": "contenttypes.contenttype", "fields": {"model": "tweetinstance", "name": "tweet instance", "app_label": "microblogging"}}, {"pk": 15, "model": "contenttypes.contenttype", "fields": {"model": "url", "name": "url", "app_label": "robots"}}, {"pk": 3, "model": "contenttypes.contenttype", "fields": {"model": "user", "name": "user", "app_label": "auth"}}, {"pk": 39, "model": "contenttypes.contenttype", "fields": {"model": "userpluginpreference", "name": "user plugin preference", "app_label": "app_plugins"}}, {"pk": 40, "model": "contenttypes.contenttype", "fields": {"model": "vote", "name": "vote", "app_label": "voting"}}, {"pk": 50, "model": "contenttypes.contenttype", "fields": {"model": "watermark", "name": "watermark", "app_label": "photologue"}}, {"pk": "6fb14618b6ea4ce5cfee15c7f3b623a5", "model": "sessions.session", "fields": {"expire_date": "2009-07-24 09:22:32", "session_data": "gAJ9cQEoVRJfYXV0aF91c2VyX2JhY2tlbmRxAlUuc2Vwb3cucHJvZmlsZXN0dWZmLkNhc2VJbnNl\nbnNpdGl2ZU1vZGVsQmFja2VuZHEDVQ1fYXV0aF91c2VyX2lkcQRLAXUuOTI5NzQ0NjFiOTFmMGY3\nMzU2NDQwNmJmYmYyMTBjNTk=\n"}}, {"pk": "7af72f5a416deeeed4cce23c8d8b11fd", "model": "sessions.session", "fields": {"expire_date": "2009-07-24 11:16:52", "session_data": "gAJ9cQEoVRJfYXV0aF91c2VyX2JhY2tlbmRxAlUuc2Vwb3cucHJvZmlsZXN0dWZmLkNhc2VJbnNl\nbnNpdGl2ZU1vZGVsQmFja2VuZHEDVQ1fYXV0aF91c2VyX2lkcQRLAXUuOTI5NzQ0NjFiOTFmMGY3\nMzU2NDQwNmJmYmYyMTBjNTk=\n"}}, {"pk": 1, "model": "sites.site", "fields": {"domain": "example.com", "name": "example.com"}}, {"pk": 1, "model": "notification.noticetype", "fields": {"default": 2, "description": "you have received an invitation", "display": "Invitation Received", "label": "friends_invite"}}, {"pk": 2, "model": "notification.noticetype", "fields": {"default": 1, "description": "you have sent an invitation", "display": "Invitation Sent", "label": "friends_invite_sent"}}, {"pk": 3, "model": "notification.noticetype", "fields": {"default": 2, "description": "an invitation you sent has been accepted", "display": "Acceptance Received", "label": "friends_accept"}}, {"pk": 4, "model": "notification.noticetype", "fields": {"default": 1, "description": "you have accepted an invitation you received", "display": "Acceptance Sent", "label": "friends_accept_sent"}}, {"pk": 5, "model": "notification.noticetype", "fields": {"default": 2, "description": "one of your friends has a new connection", "display": "Other Connection", "label": "friends_otherconnect"}}, {"pk": 6, "model": "notification.noticetype", "fields": {"default": 2, "description": "an invitation you sent to join this site has been accepted", "display": "Join Invitation Accepted", "label": "join_accept"}}, {"pk": 7, "model": "notification.noticetype", "fields": {"default": 2, "description": "you have received a message", "display": "Message Received", "label": "messages_received"}}, {"pk": 8, "model": "notification.noticetype", "fields": {"default": 1, "description": "you have sent a message", "display": "Message Sent", "label": "messages_sent"}}, {"pk": 9, "model": "notification.noticetype", "fields": {"default": 1, "description": "you have replied to a message", "display": "Message Replied", "label": "messages_replied"}}, {"pk": 10, "model": "notification.noticetype", "fields": {"default": 2, "description": "you have received a reply to a message", "display": "Reply Received", "label": "messages_reply_received"}}, {"pk": 11, "model": "notification.noticetype", "fields": {"default": 1, "description": "you have deleted a message", "display": "Message Deleted", "label": "messages_deleted"}}, {"pk": 12, "model": "notification.noticetype", "fields": {"default": 1, "description": "you have undelete a message", "display": "Message Recovered", "label": "messages_recovered"}}, {"pk": 13, "model": "notification.noticetype", "fields": {"default": 2, "description": "you have received an announcement", "display": "Announcement", "label": "announcement"}}, {"pk": 14, "model": "notification.noticetype", "fields": {"default": 2, "description": "your article has been edited", "display": "Article Edited", "label": "wiki_article_edited"}}, {"pk": 15, "model": "notification.noticetype", "fields": {"default": 2, "description": "your revision has been reverted", "display": "Article Revision Reverted", "label": "wiki_revision_reverted"}}, {"pk": 16, "model": "notification.noticetype", "fields": {"default": 2, "description": "an article you observe has changed", "display": "Observed Article Changed", "label": "wiki_observed_article_changed"}}, {"pk": 17, "model": "notification.noticetype", "fields": {"default": 2, "description": "someone has proposed a swap for one of your offers", "display": "New Swap Proposal", "label": "swaps_proposal"}}, {"pk": 18, "model": "notification.noticetype", "fields": {"default": 2, "description": "someone has accepted a swap that you proposed", "display": "Swap Acceptance", "label": "swaps_acceptance"}}, {"pk": 19, "model": "notification.noticetype", "fields": {"default": 2, "description": "someone has rejected a swap that you proposed", "display": "Swap Rejection", "label": "swaps_rejection"}}, {"pk": 20, "model": "notification.noticetype", "fields": {"default": 2, "description": "someone has canceled a proposed swap for one of your offers", "display": "Swap Cancellation", "label": "swaps_cancellation"}}, {"pk": 21, "model": "notification.noticetype", "fields": {"default": 2, "description": "someone has changed their proposing offer in a swap for one of your offers", "display": "Swap Proposing Offer Changed", "label": "swaps_proposing_offer_changed"}}, {"pk": 22, "model": "notification.noticetype", "fields": {"default": 2, "description": "someone has changed their responding offer in a swap that you proposed", "display": "Swap Responding Offer Changed", "label": "swaps_responding_offer_changed"}}, {"pk": 23, "model": "notification.noticetype", "fields": {"default": 2, "description": "someone has commented on a swap in which your offer is involved", "display": "Swap Comment", "label": "swaps_comment"}}, {"pk": 24, "model": "notification.noticetype", "fields": {"default": 2, "description": "your swap has lost a conflict to another swap", "display": "Swap Conflict", "label": "swaps_conflict"}}, {"pk": 25, "model": "notification.noticetype", "fields": {"default": 2, "description": "a friend of yours posted to their blog", "display": "Friend Posted to Blog", "label": "blog_friend_post"}}, {"pk": 26, "model": "notification.noticetype", "fields": {"default": 2, "description": "a comment was made on one of your blog posts", "display": "New Comment on Blog Post", "label": "blog_post_comment"}}, {"pk": 27, "model": "notification.noticetype", "fields": {"default": 2, "description": "someone has started following your tweets", "display": "New Tweet Follower", "label": "tweet_follow"}}, {"pk": 28, "model": "notification.noticetype", "fields": {"default": 2, "description": "someone sent a tweet reply to you", "display": "New Tweet Reply", "label": "tweet_reply_received"}}, {"pk": 29, "model": "notification.noticetype", "fields": {"default": 1, "description": "a friend of yours joined a tribe", "display": "Friend Joined Tribe", "label": "tribes_friend_joined"}}, {"pk": 30, "model": "notification.noticetype", "fields": {"default": 1, "description": "a tribe you are a member of has a new member", "display": "New Tribe Member", "label": "tribes_new_member"}}, {"pk": 31, "model": "notification.noticetype", "fields": {"default": 2, "description": "a tribe you created has a new member", "display": "New Member Of Tribe You Created", "label": "tribes_created_new_member"}}, {"pk": 32, "model": "notification.noticetype", "fields": {"default": 1, "description": "a new tribe has been created", "display": "New Tribe Created", "label": "tribes_new_tribe"}}, {"pk": 33, "model": "notification.noticetype", "fields": {"default": 1, "description": "a friend has created a new tribe", "display": "Friend Created Tribe", "label": "tribes_friend_tribe"}}, {"pk": 34, "model": "notification.noticetype", "fields": {"default": 2, "description": "a new topic has started in a tribe you're a member of", "display": "New Topic Started", "label": "tribes_new_topic"}}, {"pk": 35, "model": "notification.noticetype", "fields": {"default": 2, "description": "someone has responded on a topic you started", "display": "Response To Your Topic", "label": "tribes_topic_response"}}, {"pk": 36, "model": "notification.noticetype", "fields": {"default": 1, "description": "a project you are a member of has a new member", "display": "New Project Member", "label": "projects_new_member"}}, {"pk": 37, "model": "notification.noticetype", "fields": {"default": 2, "description": "you have been added to a project", "display": "Added to Project", "label": "projects_added_as_member"}}, {"pk": 38, "model": "notification.noticetype", "fields": {"default": 2, "description": "a project you are a member of has been deleted", "display": "Project Deleted", "label": "projects_deleted"}}, {"pk": 39, "model": "notification.noticetype", "fields": {"default": 2, "description": "a new topic has started in a project you're a member of", "display": "New Project Topic Started", "label": "projects_new_topic"}}, {"pk": 40, "model": "notification.noticetype", "fields": {"default": 2, "description": "someone has responded on a project topic you started", "display": "Response To Your Project Topic", "label": "projects_topic_response"}}, {"pk": 41, "model": "notification.noticetype", "fields": {"default": 2, "description": "a new task been created in a project you're a member of", "display": "New Project Task", "label": "projects_new_task"}}, {"pk": 42, "model": "notification.noticetype", "fields": {"default": 2, "description": "a new comment has been made on a task in a project you're a member of", "display": "Comment on Project Task", "label": "projects_task_comment"}}, {"pk": 43, "model": "notification.noticetype", "fields": {"default": 2, "description": "there has been a change in the state of a task in a project you're a member of", "display": "Change to Project Task", "label": "projects_task_change"}}, {"pk": 44, "model": "notification.noticetype", "fields": {"default": 2, "description": "a task has been (re)assigned in a project you're a member of", "display": "Change to Project Task", "label": "projects_task_assignment"}}, {"pk": 45, "model": "notification.noticetype", "fields": {"default": 2, "description": "there has been a status update to a task in a project you're a member of", "display": "Change to Project Task", "label": "projects_task_status"}}, {"pk": 1, "model": "notification.noticesetting", "fields": {"notice_type": 31, "medium": "1", "user": 1, "send": true}}, {"pk": 2, "model": "notification.noticesetting", "fields": {"notice_type": 30, "medium": "1", "user": 1, "send": false}}, {"pk": 3, "model": "notification.noticesetting", "fields": {"notice_type": 1, "medium": "1", "user": 1, "send": true}}, {"pk": 4, "model": "notification.noticesetting", "fields": {"notice_type": 2, "medium": "1", "user": 1, "send": false}}, {"pk": 5, "model": "notification.noticesetting", "fields": {"notice_type": 3, "medium": "1", "user": 1, "send": true}}, {"pk": 6, "model": "notification.noticesetting", "fields": {"notice_type": 4, "medium": "1", "user": 1, "send": false}}, {"pk": 7, "model": "notification.noticesetting", "fields": {"notice_type": 5, "medium": "1", "user": 1, "send": true}}, {"pk": 8, "model": "notification.noticesetting", "fields": {"notice_type": 6, "medium": "1", "user": 1, "send": true}}, {"pk": 9, "model": "notification.noticesetting", "fields": {"notice_type": 7, "medium": "1", "user": 1, "send": true}}, {"pk": 10, "model": "notification.noticesetting", "fields": {"notice_type": 8, "medium": "1", "user": 1, "send": false}}, {"pk": 11, "model": "notification.noticesetting", "fields": {"notice_type": 9, "medium": "1", "user": 1, "send": false}}, {"pk": 12, "model": "notification.noticesetting", "fields": {"notice_type": 10, "medium": "1", "user": 1, "send": true}}, {"pk": 13, "model": "notification.noticesetting", "fields": {"notice_type": 11, "medium": "1", "user": 1, "send": false}}, {"pk": 14, "model": "notification.noticesetting", "fields": {"notice_type": 12, "medium": "1", "user": 1, "send": false}}, {"pk": 15, "model": "notification.noticesetting", "fields": {"notice_type": 13, "medium": "1", "user": 1, "send": true}}, {"pk": 16, "model": "notification.noticesetting", "fields": {"notice_type": 14, "medium": "1", "user": 1, "send": true}}, {"pk": 17, "model": "notification.noticesetting", "fields": {"notice_type": 15, "medium": "1", "user": 1, "send": true}}, {"pk": 18, "model": "notification.noticesetting", "fields": {"notice_type": 16, "medium": "1", "user": 1, "send": true}}, {"pk": 19, "model": "notification.noticesetting", "fields": {"notice_type": 17, "medium": "1", "user": 1, "send": true}}, {"pk": 20, "model": "notification.noticesetting", "fields": {"notice_type": 18, "medium": "1", "user": 1, "send": true}}, {"pk": 21, "model": "notification.noticesetting", "fields": {"notice_type": 19, "medium": "1", "user": 1, "send": true}}, {"pk": 22, "model": "notification.noticesetting", "fields": {"notice_type": 20, "medium": "1", "user": 1, "send": true}}, {"pk": 23, "model": "notification.noticesetting", "fields": {"notice_type": 21, "medium": "1", "user": 1, "send": true}}, {"pk": 24, "model": "notification.noticesetting", "fields": {"notice_type": 22, "medium": "1", "user": 1, "send": true}}, {"pk": 25, "model": "notification.noticesetting", "fields": {"notice_type": 23, "medium": "1", "user": 1, "send": true}}, {"pk": 26, "model": "notification.noticesetting", "fields": {"notice_type": 24, "medium": "1", "user": 1, "send": true}}, {"pk": 27, "model": "notification.noticesetting", "fields": {"notice_type": 25, "medium": "1", "user": 1, "send": true}}, {"pk": 28, "model": "notification.noticesetting", "fields": {"notice_type": 26, "medium": "1", "user": 1, "send": true}}, {"pk": 29, "model": "notification.noticesetting", "fields": {"notice_type": 27, "medium": "1", "user": 1, "send": true}}, {"pk": 30, "model": "notification.noticesetting", "fields": {"notice_type": 28, "medium": "1", "user": 1, "send": true}}, {"pk": 31, "model": "notification.noticesetting", "fields": {"notice_type": 29, "medium": "1", "user": 1, "send": false}}, {"pk": 32, "model": "notification.noticesetting", "fields": {"notice_type": 32, "medium": "1", "user": 1, "send": false}}, {"pk": 33, "model": "notification.noticesetting", "fields": {"notice_type": 33, "medium": "1", "user": 1, "send": false}}, {"pk": 34, "model": "notification.noticesetting", "fields": {"notice_type": 34, "medium": "1", "user": 1, "send": true}}, {"pk": 35, "model": "notification.noticesetting", "fields": {"notice_type": 35, "medium": "1", "user": 1, "send": true}}, {"pk": 36, "model": "notification.noticesetting", "fields": {"notice_type": 36, "medium": "1", "user": 1, "send": false}}, {"pk": 37, "model": "notification.noticesetting", "fields": {"notice_type": 37, "medium": "1", "user": 1, "send": true}}, {"pk": 38, "model": "notification.noticesetting", "fields": {"notice_type": 38, "medium": "1", "user": 1, "send": true}}, {"pk": 39, "model": "notification.noticesetting", "fields": {"notice_type": 39, "medium": "1", "user": 1, "send": true}}, {"pk": 40, "model": "notification.noticesetting", "fields": {"notice_type": 40, "medium": "1", "user": 1, "send": true}}, {"pk": 41, "model": "notification.noticesetting", "fields": {"notice_type": 41, "medium": "1", "user": 1, "send": true}}, {"pk": 42, "model": "notification.noticesetting", "fields": {"notice_type": 42, "medium": "1", "user": 1, "send": true}}, {"pk": 43, "model": "notification.noticesetting", "fields": {"notice_type": 43, "medium": "1", "user": 1, "send": true}}, {"pk": 44, "model": "notification.noticesetting", "fields": {"notice_type": 44, "medium": "1", "user": 1, "send": true}}, {"pk": 45, "model": "notification.noticesetting", "fields": {"notice_type": 45, "medium": "1", "user": 1, "send": true}}, {"pk": 13, "model": "notification.notice", "fields": {"archived": false, "added": "2009-07-10 10:39:43", "on_site": true, "notice_type": 31, "user": 1, "unseen": false, "message": "\n<a href=\"/profiles/Admin/\">Admin</a> has joined the tribe <a href=\"/tribes/tribe/other/\">Other organizations</a>.\n"}}, {"pk": 14, "model": "notification.notice", "fields": {"archived": false, "added": "2009-07-10 10:39:43", "on_site": true, "notice_type": 30, "user": 1, "unseen": false, "message": "\n<a href=\"/profiles/Admin/\">Admin</a> has joined the tribe <a href=\"/tribes/tribe/other/\">Other organizations</a>.\n"}}, {"pk": 11, "model": "notification.notice", "fields": {"archived": false, "added": "2009-07-10 10:39:38", "on_site": true, "notice_type": 31, "user": 1, "unseen": false, "message": "\n<a href=\"/profiles/Admin/\">Admin</a> has joined the tribe <a href=\"/tribes/tribe/bf/\">BF</a>.\n"}}, {"pk": 12, "model": "notification.notice", "fields": {"archived": false, "added": "2009-07-10 10:39:38", "on_site": true, "notice_type": 30, "user": 1, "unseen": false, "message": "\n<a href=\"/profiles/Admin/\">Admin</a> has joined the tribe <a href=\"/tribes/tribe/bf/\">BF</a>.\n"}}, {"pk": 9, "model": "notification.notice", "fields": {"archived": false, "added": "2009-07-10 10:39:29", "on_site": true, "notice_type": 31, "user": 1, "unseen": false, "message": "\n<a href=\"/profiles/Admin/\">Admin</a> has joined the tribe <a href=\"/tribes/tribe/global/\">Global</a>.\n"}}, {"pk": 10, "model": "notification.notice", "fields": {"archived": false, "added": "2009-07-10 10:39:29", "on_site": true, "notice_type": 30, "user": 1, "unseen": false, "message": "\n<a href=\"/profiles/Admin/\">Admin</a> has joined the tribe <a href=\"/tribes/tribe/global/\">Global</a>.\n"}}, {"pk": 7, "model": "notification.notice", "fields": {"archived": false, "added": "2009-07-10 10:39:24", "on_site": true, "notice_type": 31, "user": 1, "unseen": false, "message": "\n<a href=\"/profiles/Admin/\">Admin</a> has joined the tribe <a href=\"/tribes/tribe/it-u/\">IT-Universitetet</a>.\n"}}, {"pk": 8, "model": "notification.notice", "fields": {"archived": false, "added": "2009-07-10 10:39:24", "on_site": true, "notice_type": 30, "user": 1, "unseen": false, "message": "\n<a href=\"/profiles/Admin/\">Admin</a> has joined the tribe <a href=\"/tribes/tribe/it-u/\">IT-Universitetet</a>.\n"}}, {"pk": 5, "model": "notification.notice", "fields": {"archived": false, "added": "2009-07-10 10:39:19", "on_site": true, "notice_type": 31, "user": 1, "unseen": false, "message": "\n<a href=\"/profiles/Admin/\">Admin</a> has joined the tribe <a href=\"/tribes/tribe/sdu/\">SDU</a>.\n"}}, {"pk": 6, "model": "notification.notice", "fields": {"archived": false, "added": "2009-07-10 10:39:19", "on_site": true, "notice_type": 30, "user": 1, "unseen": false, "message": "\n<a href=\"/profiles/Admin/\">Admin</a> has joined the tribe <a href=\"/tribes/tribe/sdu/\">SDU</a>.\n"}}, {"pk": 3, "model": "notification.notice", "fields": {"archived": false, "added": "2009-07-10 10:39:15", "on_site": true, "notice_type": 31, "user": 1, "unseen": false, "message": "\n<a href=\"/profiles/Admin/\">Admin</a> has joined the tribe <a href=\"/tribes/tribe/db-aalborg/\">DB - Aalborg</a>.\n"}}, {"pk": 4, "model": "notification.notice", "fields": {"archived": false, "added": "2009-07-10 10:39:15", "on_site": true, "notice_type": 30, "user": 1, "unseen": false, "message": "\n<a href=\"/profiles/Admin/\">Admin</a> has joined the tribe <a href=\"/tribes/tribe/db-aalborg/\">DB - Aalborg</a>.\n"}}, {"pk": 1, "model": "notification.notice", "fields": {"archived": false, "added": "2009-07-10 10:39:10", "on_site": true, "notice_type": 31, "user": 1, "unseen": false, "message": "\n<a href=\"/profiles/Admin/\">Admin</a> has joined the tribe <a href=\"/tribes/tribe/db-kbh/\">DB - KBH</a>.\n"}}, {"pk": 2, "model": "notification.notice", "fields": {"archived": false, "added": "2009-07-10 10:39:10", "on_site": true, "notice_type": 30, "user": 1, "unseen": false, "message": "\n<a href=\"/profiles/Admin/\">Admin</a> has joined the tribe <a href=\"/tribes/tribe/db-kbh/\">DB - KBH</a>.\n"}}, {"pk": 1, "model": "mailer.message", "fields": {"message_body": "You have received the following notice from example.com:\n\nAdmin has joined the tribe DB - KBH.\n\nhttp://example.com/tribes/tribe/db-kbh/\n\n\n\nTo see other notices or change how you receive notifications, please go to http://example.com/notices/.\n\n", "to_address": "bendtsenpowell@gmail.com", "from_address": "webmaster@localhost", "when_added": "2009-07-10 10:39:10", "priority": "2", "subject": "[example.com] New Member Of Tribe You Created"}}, {"pk": 2, "model": "mailer.message", "fields": {"message_body": "You have received the following notice from example.com:\n\nAdmin has joined the tribe DB - Aalborg.\n\nhttp://example.com/tribes/tribe/db-aalborg/\n\n\n\nTo see other notices or change how you receive notifications, please go to http://example.com/notices/.\n\n", "to_address": "bendtsenpowell@gmail.com", "from_address": "webmaster@localhost", "when_added": "2009-07-10 10:39:15", "priority": "2", "subject": "[example.com] New Member Of Tribe You Created"}}, {"pk": 3, "model": "mailer.message", "fields": {"message_body": "You have received the following notice from example.com:\n\nAdmin has joined the tribe SDU.\n\nhttp://example.com/tribes/tribe/sdu/\n\n\n\nTo see other notices or change how you receive notifications, please go to http://example.com/notices/.\n\n", "to_address": "bendtsenpowell@gmail.com", "from_address": "webmaster@localhost", "when_added": "2009-07-10 10:39:19", "priority": "2", "subject": "[example.com] New Member Of Tribe You Created"}}, {"pk": 4, "model": "mailer.message", "fields": {"message_body": "You have received the following notice from example.com:\n\nAdmin has joined the tribe IT-Universitetet.\n\nhttp://example.com/tribes/tribe/it-u/\n\n\n\nTo see other notices or change how you receive notifications, please go to http://example.com/notices/.\n\n", "to_address": "bendtsenpowell@gmail.com", "from_address": "webmaster@localhost", "when_added": "2009-07-10 10:39:24", "priority": "2", "subject": "[example.com] New Member Of Tribe You Created"}}, {"pk": 5, "model": "mailer.message", "fields": {"message_body": "You have received the following notice from example.com:\n\nAdmin has joined the tribe Global.\n\nhttp://example.com/tribes/tribe/global/\n\n\n\nTo see other notices or change how you receive notifications, please go to http://example.com/notices/.\n\n", "to_address": "bendtsenpowell@gmail.com", "from_address": "webmaster@localhost", "when_added": "2009-07-10 10:39:29", "priority": "2", "subject": "[example.com] New Member Of Tribe You Created"}}, {"pk": 6, "model": "mailer.message", "fields": {"message_body": "You have received the following notice from example.com:\n\nAdmin has joined the tribe BF.\n\nhttp://example.com/tribes/tribe/bf/\n\n\n\nTo see other notices or change how you receive notifications, please go to http://example.com/notices/.\n\n", "to_address": "bendtsenpowell@gmail.com", "from_address": "webmaster@localhost", "when_added": "2009-07-10 10:39:38", "priority": "2", "subject": "[example.com] New Member Of Tribe You Created"}}, {"pk": 7, "model": "mailer.message", "fields": {"message_body": "You have received the following notice from example.com:\n\nAdmin has joined the tribe Other organizations.\n\nhttp://example.com/tribes/tribe/other/\n\n\n\nTo see other notices or change how you receive notifications, please go to http://example.com/notices/.\n\n", "to_address": "bendtsenpowell@gmail.com", "from_address": "webmaster@localhost", "when_added": "2009-07-10 10:39:43", "priority": "2", "subject": "[example.com] New Member Of Tribe You Created"}}, {"pk": 1, "model": "oembed.providerrule", "fields": {"regex": "\\[o\\]http://\\S*?flickr.com/[^<|\\s]*", "endpoint": "http://www.flickr.com/services/oembed/", "name": "Flickr", "format": 1}}, {"pk": 2, "model": "oembed.providerrule", "fields": {"regex": "\\[o\\]http://\\S*?viddler.com/[^<|\\s]*", "endpoint": "http://lab.viddler.com/services/oembed/", "name": "Viddler", "format": 1}}, {"pk": 3, "model": "oembed.providerrule", "fields": {"regex": "\\[o\\]http://qik.com/[^<|\\s]*", "endpoint": "http://qik.com/api/oembed.json", "name": "Qik", "format": 1}}, {"pk": 4, "model": "oembed.providerrule", "fields": {"regex": "http://\\S*?pownce.com/\\S*", "endpoint": "http://api.pownce.com/2.1/oembed.json", "name": "Pownce", "format": 1}}, {"pk": 5, "model": "oembed.providerrule", "fields": {"regex": "\\[o\\]http://\\S*?revision3.com/[^<|\\s]*", "endpoint": "http://revision3.com/api/oembed/", "name": "Revision3", "format": 1}}, {"pk": 6, "model": "oembed.providerrule", "fields": {"regex": "\\[o\\]http://\\S*.amazon.(com|co.uk|de|ca|j)/\\S*/(gp/product|o/ASIN|obidos/ASIN|dp)/[^<|\\s]*", "endpoint": "http://oohembed.com/oohembed/", "name": "Amazon Product Image (OohEmbed)", "format": 1}}, {"pk": 7, "model": "oembed.providerrule", "fields": {"regex": "\\[o\\]http://[^<|\\s]*.collegehumor.com/video:[^<|\\s]*", "endpoint": "http://oohembed.com/oohembed/", "name": "CollegeHumor Video (OohEmbed)", "format": 1}}, {"pk": 8, "model": "oembed.providerrule", "fields": {"regex": "\\[o\\]http://[^<|\\s]*.funnyordie.com/videos/[^<|\\s]*", "endpoint": "http://oohembed.com/oohembed/", "name": "Funny or Die Video (OohEmbed)", "format": 1}}, {"pk": 9, "model": "oembed.providerrule", "fields": {"regex": "\\[o\\]http://video.google.com/videoplay?[^<|\\s]*", "endpoint": "http://oohembed.com/oohembed/", "name": "Google Video (OohEmbed)", "format": 1}}, {"pk": 10, "model": "oembed.providerrule", "fields": {"regex": "\\[o\\]http://www.hulu.com/watch/[^<|\\s]*", "endpoint": "http://oohembed.com/oohembed/", "name": "Hulu (OohEmbed)", "format": 1}}, {"pk": 11, "model": "oembed.providerrule", "fields": {"regex": "\\[o\\]http://[^<|\\s]*.metacafe.com/watch/[^<|\\s]*", "endpoint": "http://oohembed.com/oohembed/", "name": "Metacafe (OohEmbed)", "format": 1}}, {"pk": 12, "model": "oembed.providerrule", "fields": {"regex": "\\[o\\]http://twitter.com/[^<|\\s]*/statuses/[^<|\\s]*", "endpoint": "http://oohembed.com/oohembed/", "name": "Twitter Status (OohEmbed)", "format": 1}}, {"pk": 13, "model": "oembed.providerrule", "fields": {"regex": "\\[o\\]http://\\S*.wikipedia.org/wiki/[^<|\\s]*", "endpoint": "http://oohembed.com/oohembed/", "name": "Wikipedia (OohEmbed)", "format": 1}}, {"pk": 14, "model": "oembed.providerrule", "fields": {"regex": "\\[o\\]http://\\S*.youtube.com/watch[^<|\\s]*", "endpoint": "http://oohembed.com/oohembed/", "name": "YouTube (OohEmbed)", "format": 1}}, {"pk": 15, "model": "oembed.providerrule", "fields": {"regex": "\\[o\\]http://vimeo.com/[^<|\\s]*", "endpoint": "http://vimeo.com/api/oembed.json", "name": "Vimeo", "format": 1}}, {"pk": 1, "model": "djangodblog.errorbatch", "fields": {"server_name": "Malaz", "class_name": "AttributeError", "checksum": "182898cb8aa922ee39d83c289f26b2b5", "times_seen": 1, "traceback": "Traceback (most recent call last):\n  File \"/home/sean/programming/pinax-env/lib/python2.5/site-packages/django/core/handlers/base.py\", line 92, in get_response\n    response = callback(request, *callback_args, **callback_kwargs)\n  File \"/home/sean/programming/pinax-env/lib/python2.5/site-packages/django/contrib/admin/sites.py\", line 480, in root\n    return self.model_page(request, *url.split('/', 2))\n  File \"/home/sean/programming/pinax-env/lib/python2.5/site-packages/django/views/decorators/cache.py\", line 44, in _wrapped_view_func\n    response = view_func(request, *args, **kwargs)\n  File \"/home/sean/programming/pinax-env/lib/python2.5/site-packages/django/contrib/admin/sites.py\", line 499, in model_page\n    return admin_obj(request, rest_of_url)\n  File \"/home/sean/programming/pinax-env/lib/python2.5/site-packages/django/contrib/admin/options.py\", line 1088, in __call__\n    return self.add_view(request)\n  File \"/home/sean/programming/pinax-env/lib/python2.5/site-packages/django/db/transaction.py\", line 240, in _commit_on_success\n    res = func(*args, **kw)\n  File \"/home/sean/programming/pinax-env/lib/python2.5/site-packages/django/contrib/admin/options.py\", line 738, in add_view\n    self.log_addition(request, new_object)\n  File \"/home/sean/programming/pinax-env/lib/python2.5/site-packages/django/contrib/admin/options.py\", line 388, in log_addition\n    object_repr     = force_unicode(object),\n  File \"/home/sean/programming/pinax-env/lib/python2.5/site-packages/django/utils/encoding.py\", line 71, in force_unicode\n    s = unicode(s)\n  File \"/home/sean/programming/pinax-env/biblnet/apps/profiles/models.py\", line 46, in __unicode__\n    return self.ccupation\nAttributeError: 'Occupation' object has no attribute 'ccupation'\n", "is_resolved": false, "url": "http://127.0.0.1:8000/admin/profiles/occupation/add/", "message": "'Occupation' object has no attribute 'ccupation'", "first_seen": "2009-07-10 10:29:50", "last_seen": "2009-07-10 10:29:50"}}, {"pk": 1, "model": "djangodblog.error", "fields": {"server_name": "Malaz", "class_name": "AttributeError", "traceback": "Traceback (most recent call last):\n  File \"/home/sean/programming/pinax-env/lib/python2.5/site-packages/django/core/handlers/base.py\", line 92, in get_response\n    response = callback(request, *callback_args, **callback_kwargs)\n  File \"/home/sean/programming/pinax-env/lib/python2.5/site-packages/django/contrib/admin/sites.py\", line 480, in root\n    return self.model_page(request, *url.split('/', 2))\n  File \"/home/sean/programming/pinax-env/lib/python2.5/site-packages/django/views/decorators/cache.py\", line 44, in _wrapped_view_func\n    response = view_func(request, *args, **kwargs)\n  File \"/home/sean/programming/pinax-env/lib/python2.5/site-packages/django/contrib/admin/sites.py\", line 499, in model_page\n    return admin_obj(request, rest_of_url)\n  File \"/home/sean/programming/pinax-env/lib/python2.5/site-packages/django/contrib/admin/options.py\", line 1088, in __call__\n    return self.add_view(request)\n  File \"/home/sean/programming/pinax-env/lib/python2.5/site-packages/django/db/transaction.py\", line 240, in _commit_on_success\n    res = func(*args, **kw)\n  File \"/home/sean/programming/pinax-env/lib/python2.5/site-packages/django/contrib/admin/options.py\", line 738, in add_view\n    self.log_addition(request, new_object)\n  File \"/home/sean/programming/pinax-env/lib/python2.5/site-packages/django/contrib/admin/options.py\", line 388, in log_addition\n    object_repr     = force_unicode(object),\n  File \"/home/sean/programming/pinax-env/lib/python2.5/site-packages/django/utils/encoding.py\", line 71, in force_unicode\n    s = unicode(s)\n  File \"/home/sean/programming/pinax-env/biblnet/apps/profiles/models.py\", line 46, in __unicode__\n    return self.ccupation\nAttributeError: 'Occupation' object has no attribute 'ccupation'\n", "datetime": "2009-07-10 10:29:50", "url": "http://127.0.0.1:8000/admin/profiles/occupation/add/", "message": "'Occupation' object has no attribute 'ccupation'"}}, {"pk": 1, "model": "app_plugins.pluginpoint", "fields": {"status": 0, "index": 0, "registered": true, "label": "profiles.profile"}}, {"pk": 1, "model": "app_plugins.plugin", "fields": {"status": 0, "index": 0, "point": 1, "registered": false, "required": false, "label": "wiki.profiles.profile", "template": "wiki/plugins/profiles/profile.html"}}, {"pk": 2, "model": "app_plugins.plugin", "fields": {"status": 0, "index": 0, "point": 1, "registered": false, "required": false, "label": "bookmarks.profiles.profile", "template": "bookmarks/plugins/profiles/profile.html"}}, {"pk": 3, "model": "app_plugins.plugin", "fields": {"status": 0, "index": 0, "point": 1, "registered": false, "required": false, "label": "blog.profiles.profile", "template": "blog/plugins/profiles/profile.html"}}, {"pk": 4, "model": "app_plugins.plugin", "fields": {"status": 0, "index": 0, "point": 1, "registered": false, "required": false, "label": "microblogging.profiles.profile", "template": "microblogging/plugins/profiles/profile.html"}}, {"pk": 5, "model": "app_plugins.plugin", "fields": {"status": 0, "index": 0, "point": 1, "registered": false, "required": false, "label": "photos.profiles.profile", "template": "photos/plugins/profiles/profile.html"}}, {"pk": 4, "model": "tagging.tag", "fields": {"name": "aalborg"}}, {"pk": 8, "model": "tagging.tag", "fields": {"name": "bf"}}, {"pk": 9, "model": "tagging.tag", "fields": {"name": "bibliotekarforbundet"}}, {"pk": 1, "model": "tagging.tag", "fields": {"name": "danmarks biblioteksskole"}}, {"pk": 5, "model": "tagging.tag", "fields": {"name": "f\u00e6lles gruppe"}}, {"pk": 2, "model": "tagging.tag", "fields": {"name": "f\u00e6lles opslagstavle"}}, {"pk": 7, "model": "tagging.tag", "fields": {"name": "it-universitetet"}}, {"pk": 3, "model": "tagging.tag", "fields": {"name": "k\u00f8benhavn"}}, {"pk": 6, "model": "tagging.tag", "fields": {"name": "syddansk universitet"}}, {"pk": 1, "model": "tagging.taggeditem", "fields": {"tag": 1, "object_id": 1, "content_type": 65}}, {"pk": 3, "model": "tagging.taggeditem", "fields": {"tag": 3, "object_id": 1, "content_type": 65}}, {"pk": 4, "model": "tagging.taggeditem", "fields": {"tag": 4, "object_id": 2, "content_type": 65}}, {"pk": 5, "model": "tagging.taggeditem", "fields": {"tag": 1, "object_id": 2, "content_type": 65}}, {"pk": 7, "model": "tagging.taggeditem", "fields": {"tag": 5, "object_id": 3, "content_type": 65}}, {"pk": 8, "model": "tagging.taggeditem", "fields": {"tag": 6, "object_id": 3, "content_type": 65}}, {"pk": 9, "model": "tagging.taggeditem", "fields": {"tag": 5, "object_id": 2, "content_type": 65}}, {"pk": 10, "model": "tagging.taggeditem", "fields": {"tag": 5, "object_id": 1, "content_type": 65}}, {"pk": 11, "model": "tagging.taggeditem", "fields": {"tag": 5, "object_id": 4, "content_type": 65}}, {"pk": 12, "model": "tagging.taggeditem", "fields": {"tag": 7, "object_id": 4, "content_type": 65}}, {"pk": 13, "model": "tagging.taggeditem", "fields": {"tag": 8, "object_id": 6, "content_type": 65}}, {"pk": 14, "model": "tagging.taggeditem", "fields": {"tag": 9, "object_id": 6, "content_type": 65}}, {"pk": 15, "model": "tagging.taggeditem", "fields": {"tag": 3, "object_id": 4, "content_type": 65}}, {"pk": 1, "model": "photologue.photosize", "fields": {"name": "admin_thumbnail", "watermark": null, "increment_count": false, "effect": null, "crop": true, "height": 75, "width": 100, "upscale": false, "pre_cache": false, "quality": 70}}, {"pk": 2, "model": "photologue.photosize", "fields": {"name": "thumbnail", "watermark": null, "increment_count": false, "effect": null, "crop": true, "height": 75, "width": 100, "upscale": false, "pre_cache": false, "quality": 70}}, {"pk": 3, "model": "photologue.photosize", "fields": {"name": "display", "watermark": null, "increment_count": true, "effect": null, "crop": false, "height": 0, "width": 400, "upscale": false, "pre_cache": false, "quality": 80}}, {"pk": 1, "model": "profiles.affiliation", "fields": {"affiliation": "DB - KBH", "slug": "db-kbh", "icon": "images/affiliateicons/affiliation_db-kbh.png"}}, {"pk": 2, "model": "profiles.affiliation", "fields": {"affiliation": "DB - AA", "slug": "db-aa", "icon": "images/affiliateicons/affiliation_db-aa.png"}}, {"pk": 3, "model": "profiles.affiliation", "fields": {"affiliation": "SDU", "slug": "sdu", "icon": "images/affiliateicons/affiliation_sdu.png"}}, {"pk": 4, "model": "profiles.affiliation", "fields": {"affiliation": "IT-U", "slug": "it-u", "icon": "images/affiliateicons/affiliation_itu.png"}}, {"pk": 6, "model": "profiles.affiliation", "fields": {"affiliation": "BF", "slug": "bf", "icon": "images/affiliateicons/bf.png"}}, {"pk": 7, "model": "profiles.affiliation", "fields": {"affiliation": "External", "slug": "external", "icon": "images/affiliateicons/affiliation_external.png"}}, {"pk": 1, "model": "profiles.occupation", "fields": {"icon": "images/professionicons/occupation_student_.png", "slug": "student", "occupation": "Student"}}, {"pk": 2, "model": "profiles.occupation", "fields": {"icon": "images/professionicons/occupation_international.png", "slug": "international-student", "occupation": "International student"}}, {"pk": 3, "model": "profiles.occupation", "fields": {"icon": "images/professionicons/occupation_alumni.png", "slug": "former-student", "occupation": "Former student"}}, {"pk": 4, "model": "profiles.occupation", "fields": {"icon": "images/professionicons/occupation_vip.png", "slug": "vip", "occupation": "Academic personnel (VIP)"}}, {"pk": 5, "model": "profiles.occupation", "fields": {"icon": "images/professionicons/occupation_tap.png", "slug": "tap", "occupation": "Administrative personnel (TAP)"}}, {"pk": 6, "model": "profiles.occupation", "fields": {"icon": "images/professionicons/occupation_other.png", "slug": "other", "occupation": "Other"}}, {"pk": 1, "model": "profiles.profile", "fields": {"website": "http://dev.sepow.dk/", "adresse_2": "", "about": "", "ln_lastfm": "", "name": "Biblnet Admin", "im_msn": "", "listening_now": "", "ln_libratything": "", "adresse_1": "", "ln_facebook": "", "ln_linkedin": "", "affiliation": 1, "postal_code": "", "location": "DSR", "reading_now": "", "occupation": 1, "phone_number": "61337056", "user": 1}}, {"pk": 1, "model": "account.account", "fields": {"timezone": "Europe/Copenhagen", "user": 1, "language": "en"}}, {"pk": 1, "model": "tribes.tribe", "fields": {"description": "F\u00e6lles gruppe for Danmarks Biblioteksskole - K\u00f8benhavn ", "creator": 1, "deleted": false, "created": "2009-07-10 09:23:26", "private": false, "slug": "db-kbh", "tags": "\"f\u00e6lles gruppe\" \"danmarks biblioteksskole\"  k\u00f8benhavn ", "name": "DB - KBH"}}, {"pk": 2, "model": "tribes.tribe", "fields": {"description": "F\u00e6lles gruppe for Danmarks Biblioteksskole - Aalborg ", "creator": 1, "deleted": false, "created": "2009-07-10 09:25:41", "private": false, "slug": "db-aalborg", "tags": "\"f\u00e6lles gruppe\" \"danmarks biblioteksskole\" aalborg ", "name": "DB - Aalborg"}}, {"pk": 3, "model": "tribes.tribe", "fields": {"description": "F\u00e6lles gruppe for Syddansk Universitet", "creator": 1, "deleted": false, "created": "2009-07-10 09:27:36", "private": false, "slug": "sdu", "tags": "\"f\u00e6lles gruppe\" \"syddansk universitet\"", "name": "SDU"}}, {"pk": 4, "model": "tribes.tribe", "fields": {"description": "F\u00e6lles gruppe for IT-Universitetet", "creator": 1, "deleted": false, "created": "2009-07-10 09:29:57", "private": false, "slug": "it-u", "tags": "\"f\u00e6lles gruppe\" \"it-universitetet\" k\u00f8benhavn", "name": "IT-Universitetet"}}, {"pk": 5, "model": "tribes.tribe", "fields": {"description": "This here.. Is a Global Group. ", "creator": 1, "deleted": false, "created": "2009-07-10 09:56:25", "private": false, "slug": "global", "tags": "", "name": "Global"}}, {"pk": 6, "model": "tribes.tribe", "fields": {"description": "Bibliotekarforbundets gruppe", "creator": 1, "deleted": false, "created": "2009-07-10 10:24:19", "private": false, "slug": "bf", "tags": "bibliotekarforbundet bf ", "name": "BF"}}, {"pk": 7, "model": "tribes.tribe", "fields": {"description": "Other relevant organizations are belong to here.", "creator": 1, "deleted": false, "created": "2009-07-10 10:25:53", "private": false, "slug": "other", "tags": "", "name": "Other organizations"}}, {"pk": 8, "model": "tribes.tribe", "fields": {"description": "Privat admin gruppe.", "creator": 1, "deleted": false, "created": "2009-07-10 10:37:39", "private": true, "slug": "admin", "tags": "", "name": "Admin"}}, {"pk": 1, "model": "tribes.tribemember", "fields": {"moderator": true, "tribe": 1, "user": 1, "last_visit": "2009-07-10 10:46:39"}}, {"pk": 2, "model": "tribes.tribemember", "fields": {"moderator": true, "tribe": 2, "user": 1, "last_visit": "2009-07-10 10:46:38"}}, {"pk": 3, "model": "tribes.tribemember", "fields": {"moderator": true, "tribe": 3, "user": 1, "last_visit": "2009-07-10 10:39:19"}}, {"pk": 4, "model": "tribes.tribemember", "fields": {"moderator": true, "tribe": 4, "user": 1, "last_visit": "2009-07-10 10:46:37"}}, {"pk": 5, "model": "tribes.tribemember", "fields": {"moderator": true, "tribe": 5, "user": 1, "last_visit": "2009-07-10 10:39:32"}}, {"pk": 6, "model": "tribes.tribemember", "fields": {"moderator": true, "tribe": 6, "user": 1, "last_visit": "2009-07-10 10:39:38"}}, {"pk": 7, "model": "tribes.tribemember", "fields": {"moderator": true, "tribe": 7, "user": 1, "last_visit": "2009-07-10 10:39:43"}}, {"pk": 8, "model": "tribes.tribemember", "fields": {"moderator": true, "tribe": 8, "user": 1, "last_visit": "2009-07-10 10:41:01"}}, {"pk": 62, "model": "admin.logentry", "fields": {"action_flag": 2, "action_time": "2009-07-10 11:25:24", "object_repr": "Revision3", "object_id": "5", "change_message": "Changed regex.", "user": 1, "content_type": 26}}, {"pk": 61, "model": "admin.logentry", "fields": {"action_flag": 2, "action_time": "2009-07-10 11:25:16", "object_repr": "Qik", "object_id": "3", "change_message": "Changed regex.", "user": 1, "content_type": 26}}, {"pk": 60, "model": "admin.logentry", "fields": {"action_flag": 2, "action_time": "2009-07-10 11:25:03", "object_repr": "Viddler", "object_id": "2", "change_message": "Changed regex.", "user": 1, "content_type": 26}}, {"pk": 59, "model": "admin.logentry", "fields": {"action_flag": 2, "action_time": "2009-07-10 11:24:57", "object_repr": "Flickr", "object_id": "1", "change_message": "Changed regex.", "user": 1, "content_type": 26}}, {"pk": 58, "model": "admin.logentry", "fields": {"action_flag": 2, "action_time": "2009-07-10 11:24:46", "object_repr": "Viddler", "object_id": "2", "change_message": "Changed regex.", "user": 1, "content_type": 26}}, {"pk": 57, "model": "admin.logentry", "fields": {"action_flag": 2, "action_time": "2009-07-10 11:24:41", "object_repr": "Qik", "object_id": "3", "change_message": "Changed regex.", "user": 1, "content_type": 26}}, {"pk": 56, "model": "admin.logentry", "fields": {"action_flag": 2, "action_time": "2009-07-10 11:24:33", "object_repr": "Revision3", "object_id": "5", "change_message": "Changed regex.", "user": 1, "content_type": 26}}, {"pk": 55, "model": "admin.logentry", "fields": {"action_flag": 2, "action_time": "2009-07-10 11:24:26", "object_repr": "Amazon Product Image (OohEmbed)", "object_id": "6", "change_message": "Changed regex.", "user": 1, "content_type": 26}}, {"pk": 54, "model": "admin.logentry", "fields": {"action_flag": 2, "action_time": "2009-07-10 11:24:22", "object_repr": "CollegeHumor Video (OohEmbed)", "object_id": "7", "change_message": "Changed regex.", "user": 1, "content_type": 26}}, {"pk": 53, "model": "admin.logentry", "fields": {"action_flag": 2, "action_time": "2009-07-10 11:24:16", "object_repr": "Funny or Die Video (OohEmbed)", "object_id": "8", "change_message": "Changed regex.", "user": 1, "content_type": 26}}, {"pk": 52, "model": "admin.logentry", "fields": {"action_flag": 2, "action_time": "2009-07-10 11:24:11", "object_repr": "Google Video (OohEmbed)", "object_id": "9", "change_message": "Changed regex.", "user": 1, "content_type": 26}}, {"pk": 51, "model": "admin.logentry", "fields": {"action_flag": 2, "action_time": "2009-07-10 11:24:06", "object_repr": "Hulu (OohEmbed)", "object_id": "10", "change_message": "Changed regex.", "user": 1, "content_type": 26}}, {"pk": 50, "model": "admin.logentry", "fields": {"action_flag": 2, "action_time": "2009-07-10 11:24:01", "object_repr": "Metacafe (OohEmbed)", "object_id": "11", "change_message": "Changed regex.", "user": 1, "content_type": 26}}, {"pk": 49, "model": "admin.logentry", "fields": {"action_flag": 2, "action_time": "2009-07-10 11:23:54", "object_repr": "Twitter Status (OohEmbed)", "object_id": "12", "change_message": "Changed regex.", "user": 1, "content_type": 26}}, {"pk": 48, "model": "admin.logentry", "fields": {"action_flag": 2, "action_time": "2009-07-10 11:23:50", "object_repr": "Wikipedia (OohEmbed)", "object_id": "13", "change_message": "Changed regex.", "user": 1, "content_type": 26}}, {"pk": 47, "model": "admin.logentry", "fields": {"action_flag": 2, "action_time": "2009-07-10 11:23:45", "object_repr": "YouTube (OohEmbed)", "object_id": "14", "change_message": "Changed regex.", "user": 1, "content_type": 26}}, {"pk": 46, "model": "admin.logentry", "fields": {"action_flag": 2, "action_time": "2009-07-10 11:23:40", "object_repr": "Vimeo", "object_id": "15", "change_message": "Changed regex.", "user": 1, "content_type": 26}}, {"pk": 45, "model": "admin.logentry", "fields": {"action_flag": 2, "action_time": "2009-07-10 11:19:42", "object_repr": "Amazon Product Image (OohEmbed)", "object_id": "6", "change_message": "Changed regex.", "user": 1, "content_type": 26}}, {"pk": 44, "model": "admin.logentry", "fields": {"action_flag": 2, "action_time": "2009-07-10 11:19:25", "object_repr": "CollegeHumor Video (OohEmbed)", "object_id": "7", "change_message": "Changed regex.", "user": 1, "content_type": 26}}, {"pk": 43, "model": "admin.logentry", "fields": {"action_flag": 2, "action_time": "2009-07-10 11:19:12", "object_repr": "Funny or Die Video (OohEmbed)", "object_id": "8", "change_message": "Changed regex.", "user": 1, "content_type": 26}}, {"pk": 42, "model": "admin.logentry", "fields": {"action_flag": 2, "action_time": "2009-07-10 11:18:58", "object_repr": "Google Video (OohEmbed)", "object_id": "9", "change_message": "Changed regex.", "user": 1, "content_type": 26}}, {"pk": 41, "model": "admin.logentry", "fields": {"action_flag": 2, "action_time": "2009-07-10 11:18:48", "object_repr": "Hulu (OohEmbed)", "object_id": "10", "change_message": "Changed regex.", "user": 1, "content_type": 26}}, {"pk": 40, "model": "admin.logentry", "fields": {"action_flag": 2, "action_time": "2009-07-10 11:18:40", "object_repr": "Metacafe (OohEmbed)", "object_id": "11", "change_message": "Changed regex.", "user": 1, "content_type": 26}}, {"pk": 39, "model": "admin.logentry", "fields": {"action_flag": 2, "action_time": "2009-07-10 11:18:15", "object_repr": "Twitter Status (OohEmbed)", "object_id": "12", "change_message": "Changed regex.", "user": 1, "content_type": 26}}, {"pk": 38, "model": "admin.logentry", "fields": {"action_flag": 2, "action_time": "2009-07-10 11:17:50", "object_repr": "Wikipedia (OohEmbed)", "object_id": "13", "change_message": "Changed regex.", "user": 1, "content_type": 26}}, {"pk": 37, "model": "admin.logentry", "fields": {"action_flag": 2, "action_time": "2009-07-10 11:17:41", "object_repr": "YouTube (OohEmbed)", "object_id": "14", "change_message": "Changed regex.", "user": 1, "content_type": 26}}, {"pk": 36, "model": "admin.logentry", "fields": {"action_flag": 2, "action_time": "2009-07-10 11:17:33", "object_repr": "Vimeo", "object_id": "15", "change_message": "Changed regex.", "user": 1, "content_type": 26}}, {"pk": 35, "model": "admin.logentry", "fields": {"action_flag": 2, "action_time": "2009-07-10 11:17:21", "object_repr": "Vimeo", "object_id": "15", "change_message": "Changed regex.", "user": 1, "content_type": 26}}, {"pk": 34, "model": "admin.logentry", "fields": {"action_flag": 2, "action_time": "2009-07-10 10:45:38", "object_repr": "Admin", "object_id": "1", "change_message": "Changed name, location, website, affiliation, occupation and phone_number.", "user": 1, "content_type": 61}}, {"pk": 33, "model": "admin.logentry", "fields": {"action_flag": 2, "action_time": "2009-07-10 10:40:52", "object_repr": "DB - KBH - Admin", "object_id": "1", "change_message": "Changed moderator.", "user": 1, "content_type": 66}}, {"pk": 32, "model": "admin.logentry", "fields": {"action_flag": 2, "action_time": "2009-07-10 10:40:46", "object_repr": "Other organizations - Admin", "object_id": "7", "change_message": "No fields changed.", "user": 1, "content_type": 66}}, {"pk": 31, "model": "admin.logentry", "fields": {"action_flag": 2, "action_time": "2009-07-10 10:40:44", "object_repr": "Other organizations - Admin", "object_id": "7", "change_message": "Changed moderator.", "user": 1, "content_type": 66}}, {"pk": 30, "model": "admin.logentry", "fields": {"action_flag": 2, "action_time": "2009-07-10 10:40:36", "object_repr": "BF - Admin", "object_id": "6", "change_message": "Changed moderator.", "user": 1, "content_type": 66}}, {"pk": 29, "model": "admin.logentry", "fields": {"action_flag": 2, "action_time": "2009-07-10 10:40:32", "object_repr": "Global - Admin", "object_id": "5", "change_message": "Changed moderator.", "user": 1, "content_type": 66}}, {"pk": 28, "model": "admin.logentry", "fields": {"action_flag": 2, "action_time": "2009-07-10 10:40:29", "object_repr": "IT-Universitetet - Admin", "object_id": "4", "change_message": "Changed moderator.", "user": 1, "content_type": 66}}, {"pk": 27, "model": "admin.logentry", "fields": {"action_flag": 2, "action_time": "2009-07-10 10:40:25", "object_repr": "SDU - Admin", "object_id": "3", "change_message": "Changed moderator.", "user": 1, "content_type": 66}}, {"pk": 26, "model": "admin.logentry", "fields": {"action_flag": 2, "action_time": "2009-07-10 10:40:18", "object_repr": "DB - Aalborg - Admin", "object_id": "2", "change_message": "Changed moderator.", "user": 1, "content_type": 66}}, {"pk": 25, "model": "admin.logentry", "fields": {"action_flag": 1, "action_time": "2009-07-10 10:40:13", "object_repr": "Admin - Admin", "object_id": "8", "change_message": "", "user": 1, "content_type": 66}}, {"pk": 24, "model": "admin.logentry", "fields": {"action_flag": 2, "action_time": "2009-07-10 10:38:52", "object_repr": "Admin", "object_id": "1", "change_message": "Changed first_name and last_name.", "user": 1, "content_type": 3}}, {"pk": 23, "model": "admin.logentry", "fields": {"action_flag": 1, "action_time": "2009-07-10 10:38:00", "object_repr": "Admin", "object_id": "8", "change_message": "", "user": 1, "content_type": 65}}, {"pk": 22, "model": "admin.logentry", "fields": {"action_flag": 1, "action_time": "2009-07-10 10:33:49", "object_repr": "Other", "object_id": "6", "change_message": "", "user": 1, "content_type": 60}}, {"pk": 21, "model": "admin.logentry", "fields": {"action_flag": 1, "action_time": "2009-07-10 10:33:32", "object_repr": "Administrative personnel (TAP)", "object_id": "5", "change_message": "", "user": 1, "content_type": 60}}, {"pk": 20, "model": "admin.logentry", "fields": {"action_flag": 1, "action_time": "2009-07-10 10:33:11", "object_repr": "Academic personnel (VIP)", "object_id": "4", "change_message": "", "user": 1, "content_type": 60}}, {"pk": 19, "model": "admin.logentry", "fields": {"action_flag": 1, "action_time": "2009-07-10 10:31:53", "object_repr": "Former student", "object_id": "3", "change_message": "", "user": 1, "content_type": 60}}, {"pk": 18, "model": "admin.logentry", "fields": {"action_flag": 2, "action_time": "2009-07-10 10:31:14", "object_repr": "International student", "object_id": "2", "change_message": "Changed slug.", "user": 1, "content_type": 60}}, {"pk": 17, "model": "admin.logentry", "fields": {"action_flag": 1, "action_time": "2009-07-10 10:31:05", "object_repr": "International student", "object_id": "2", "change_message": "", "user": 1, "content_type": 60}}, {"pk": 16, "model": "admin.logentry", "fields": {"action_flag": 1, "action_time": "2009-07-10 10:30:20", "object_repr": "Student", "object_id": "1", "change_message": "", "user": 1, "content_type": 60}}, {"pk": 15, "model": "admin.logentry", "fields": {"action_flag": 1, "action_time": "2009-07-10 10:29:17", "object_repr": "External", "object_id": "7", "change_message": "", "user": 1, "content_type": 59}}, {"pk": 14, "model": "admin.logentry", "fields": {"action_flag": 1, "action_time": "2009-07-10 10:28:53", "object_repr": "Other organizations", "object_id": "7", "change_message": "", "user": 1, "content_type": 65}}, {"pk": 13, "model": "admin.logentry", "fields": {"action_flag": 1, "action_time": "2009-07-10 10:25:11", "object_repr": "BF", "object_id": "6", "change_message": "", "user": 1, "content_type": 59}}, {"pk": 12, "model": "admin.logentry", "fields": {"action_flag": 1, "action_time": "2009-07-10 10:25:06", "object_repr": "BF", "object_id": "6", "change_message": "", "user": 1, "content_type": 65}}, {"pk": 11, "model": "admin.logentry", "fields": {"action_flag": 1, "action_time": "2009-07-10 10:00:57", "object_repr": "Global", "object_id": "5", "change_message": "", "user": 1, "content_type": 65}}, {"pk": 10, "model": "admin.logentry", "fields": {"action_flag": 1, "action_time": "2009-07-10 09:31:12", "object_repr": "IT-U", "object_id": "4", "change_message": "", "user": 1, "content_type": 59}}, {"pk": 9, "model": "admin.logentry", "fields": {"action_flag": 1, "action_time": "2009-07-10 09:31:09", "object_repr": "IT-Universitetet", "object_id": "4", "change_message": "", "user": 1, "content_type": 65}}, {"pk": 8, "model": "admin.logentry", "fields": {"action_flag": 2, "action_time": "2009-07-10 09:29:25", "object_repr": "DB - KBH", "object_id": "1", "change_message": "Changed description and tags.", "user": 1, "content_type": 65}}, {"pk": 7, "model": "admin.logentry", "fields": {"action_flag": 2, "action_time": "2009-07-10 09:29:09", "object_repr": "DB - Aalborg", "object_id": "2", "change_message": "Changed description and tags.", "user": 1, "content_type": 65}}, {"pk": 6, "model": "admin.logentry", "fields": {"action_flag": 1, "action_time": "2009-07-10 09:28:42", "object_repr": "SDU", "object_id": "3", "change_message": "", "user": 1, "content_type": 59}}, {"pk": 5, "model": "admin.logentry", "fields": {"action_flag": 1, "action_time": "2009-07-10 09:28:38", "object_repr": "SDU", "object_id": "3", "change_message": "", "user": 1, "content_type": 65}}, {"pk": 4, "model": "admin.logentry", "fields": {"action_flag": 1, "action_time": "2009-07-10 09:26:55", "object_repr": "DB - AA", "object_id": "2", "change_message": "", "user": 1, "content_type": 59}}, {"pk": 3, "model": "admin.logentry", "fields": {"action_flag": 1, "action_time": "2009-07-10 09:26:51", "object_repr": "DB - Aalborg", "object_id": "2", "change_message": "", "user": 1, "content_type": 65}}, {"pk": 2, "model": "admin.logentry", "fields": {"action_flag": 1, "action_time": "2009-07-10 09:25:25", "object_repr": "DB - KBH", "object_id": "1", "change_message": "", "user": 1, "content_type": 59}}, {"pk": 1, "model": "admin.logentry", "fields": {"action_flag": 1, "action_time": "2009-07-10 09:24:57", "object_repr": "DB - KBH", "object_id": "1", "change_message": "", "user": 1, "content_type": 65}}]
